Country,Decision,Team 1,Team 2,Winner,Ground,team composition,weather_status,strike_rate,Margin_Wickets,Margin_Runs
New Zealand,field,New Zealand,Sri Lanka,New Zealand,Bengaluru,"[1, 2, 2, 2, 8, 7, 7, 10, 10, 10, 10]",3.0,"[90.96, 92.88, 86.6, 95.66, 89.79, 82.9, 78.59, 31.87, 29.5, 35.17, 24.87]",5,0
Bangladesh,field,Bangladesh,Sri Lanka,Bangladesh,Delhi,"[1, 3, 1, 1, 2, 5, 7, 10, 10, 10, 10]",2.0,"[90.96, 92.88, 86.6, 95.66, 89.79, 82.9, 78.59, 29.5, 35.17, 36.11, 24.87]",3,0
Sri Lanka,field,India,Sri Lanka,India,Wankhede,"[1, 3, 2, 2, 8, 7, 7, 10, 10, 10, 10]",1.0,"[91.97, 103.46, 93.58, 101.27, 87.82, 105.02, 85.06, 23.68, 23.55, 26.01, 22.79]",0,302
Afghanistan,field,Afghanistan,Sri Lanka,Afghanistan,Pune,"[2, 1, 1, 7, 2, 8, 8, 7, 9, 10, 10]",2.0,"[90.96, 79.56, 86.6, 95.66, 89.79, 78.59, 82.9, 35.17, 29.5, 36.11, 24.87]",7,0
England,bat,England,Sri Lanka,Sri Lanka,Bengaluru,"[3, 3, 8, 8, 7, 2, 7, 10, 9, 10, 10]",2.0,"[102.92, 97.44, 86.77, 95.68, 117.11, 102.95, 98.16, 89.12, 23.13, 32.04, 39.46]",8,0
Netherlands,bat,Netherlands,Sri Lanka,Sri Lanka,Lucknow,"[1, 2, 2, 2, 8, 7, 10, 9, 10, 10, 10]",1.0,"[94.59, 121.39, 115.67, 105.9, 100.0, 121.55, 157.79, 23.42, 19.73, 27.75, 21.21]",5,0
Sri Lanka,bat,Australia,Sri Lanka,Australia,Lucknow,"[1, 2, 2, 2, 8, 7, 7, 10, 10, 10, 10]",2.0,"[90.96, 92.88, 86.6, 95.66, 89.79, 78.59, 34.47, 31.87, 29.5, 32.28, 24.87]",5,0
Sri Lanka,bat,Pakistan,Sri Lanka,Pakistan,Hyderabad,"[2, 4, 1, 3, 2, 4, 9, 10, 10, 10, 10]",2.0,"[90.96, 92.88, 86.6, 95.66, 89.79, 78.59, 91.47, 34.47, 29.5, 17.09, 24.87]",6,0
Sri Lanka,field,South Africa,Sri Lanka,South Africa,Delhi,"[1, 2, 2, 2, 8, 7, 7, 10, 7, 10, 10]",3.0,"[96.64, 89.04, 87.21, 98.28, 115.17, 144.55, 32.51, 23.22, 30.65, 27.77, 28.5]",0,102
Sri Lanka,bat,Sri Lanka,India,India,Colombo (RPS),"[1, 3, 5, 2, 4, 7, 4, 7, 10, 9, 10]",1.0,"[90.96, 92.88, 86.6, 95.66, 89.79, 78.59, 91.47, 34.47, 60.6, 18.83, 17.09]",10,0
Pakistan,bat,Sri Lanka,Pakistan,Sri Lanka,Colombo (RPS),"[1, 3, 1, 2, 2, 7, 7, 9, 10, 10, 10]",1.0,"[88.32, 93.44, 88.75, 89.8, 127.27, 88.64, 106.59, 85.75, 23.94, 25.17, 33.5]",2,0
India,bat,Sri Lanka,India,India,Colombo (RPS),"[1, 3, 2, 2, 8, 7, 7, 10, 10, 10, 10]",1.0,"[91.97, 103.46, 93.58, 102.19, 87.82, 110.35, 85.06, 32.86, 23.55, 26.01, 22.79]",0,41
Bangladesh,field,Sri Lanka,Bangladesh,Sri Lanka,Colombo (RPS),"[1, 3, 2, 2, 8, 7, 7, 10, 10, 10, 10]",2.0,"[90.96, 79.56, 86.6, 95.66, 89.79, 78.59, 91.47, 34.47, 29.5, 36.11, 17.09]",0,21
Sri Lanka,bat,Afghanistan,Sri Lanka,Sri Lanka,Lahore,"[3, 3, 1, 7, 1, 2, 7, 7, 10, 10, 10]",2.0,"[90.96, 79.56, 86.6, 95.66, 89.79, 78.59, 91.47, 34.47, 29.5, 36.11, 17.09]",0,2
Bangladesh,bat,Sri Lanka,Bangladesh,Sri Lanka,Pallekele,"[1, 2, 2, 8, 8, 7, 7, 7, 10, 10, 10]",3.0,"[60.5, 76.06, 81.54, 82.84, 126.92, 79.74, 78.34, 103.25, 29.98, 27.05, 26.26]",5,0
Netherlands,field,Netherlands,Sri Lanka,Sri Lanka,Harare,"[1, 2, 1, 2, 2, 5, 8, 7, 9, 10, 10]",1.0,"[90.96, 95.66, 86.6, 75.86, 89.79, 78.59, 91.47, 111.04, 29.5, 17.09, 24.87]",0,128
Sri Lanka,field,Sri Lanka,West Indies,Sri Lanka,Harare,"[2, 4, 7, 4, 8, 4, 7, 10, 7, 10, 10]",1.0,"[131.42, 130.88, 75.58, 77.58, 134.69, 43.6, 85.16, 75.0, 28.64, 25.63, 31.44]",8,0
Sri Lanka,field,Zimbabwe,Sri Lanka,Sri Lanka,Bulawayo,"[1, 3, 2, 2, 8, 7, 7, 7, 10, 10, 10]",3.0,"[52.26, 76.08, 76.71, 86.69, 86.43, 79.55, 83.82, 39.56, 80.66, 31.05, 32.7]",9,0
Sri Lanka,bat,Netherlands,Sri Lanka,Sri Lanka,Bulawayo,"[1, 3, 2, 2, 8, 7, 7, 7, 10, 10, 10]",1.0,"[90.96, 79.56, 86.6, 95.66, 89.79, 78.59, 91.47, 111.04, 29.5, 32.28, 24.87]",0,21
Scotland,field,Scotland,Sri Lanka,Sri Lanka,Bulawayo,"[1, 3, 2, 2, 8, 7, 7, 7, 10, 10, 10]",1.0,"[90.96, 79.56, 86.6, 95.66, 89.79, 78.59, 91.47, 111.04, 29.5, 36.11, 32.28]",0,82
Ireland,field,Ireland,Sri Lanka,Sri Lanka,Bulawayo,"[1, 5, 1, 3, 7, 7, 5, 9, 6, 10, 10]",2.0,"[90.96, 79.56, 86.6, 95.66, 89.79, 78.59, 91.47, 111.04, 29.5, 32.28, 36.11]",0,133
Sri Lanka,field,Oman,Sri Lanka,Sri Lanka,Bulawayo,"[1, 3, 2, 2, 8, 7, 7, 7, 10, 10, 10]",3.0,"[108.6, 115.33, 127.03, 120.3, 113.11, 107.46, 113.19, 46.7, 146.28, 23.32, 17.14]",10,0
United Arab Emirates,field,Sri Lanka,U.A.E.,Sri Lanka,Bulawayo,"[2, 3, 7, 1, 7, 4, 8, 9, 10, 10, 10]",2.0,"[90.96, 79.56, 86.6, 95.66, 89.79, 91.47, 78.59, 111.04, 29.5, 36.11, 32.28]",0,175
Afghanistan,bat,Sri Lanka,Afghanistan,Sri Lanka,Hambantota,"[1, 3, 2, 2, 8, 7, 7, 7, 10, 10, 10]",2.0,"[88.53, 80.44, 71.45, 68.6, 86.62, 138.54, 124.92, 20.48, 28.34, 22.83, 19.58]",9,0
Sri Lanka,bat,Sri Lanka,Afghanistan,Sri Lanka,Hambantota,"[1, 3, 2, 7, 8, 7, 7, 7, 10, 10, 10]",3.0,"[90.96, 79.56, 86.6, 95.66, 89.79, 78.59, 91.47, 111.04, 29.5, 35.17, 36.11]",0,132
Afghanistan,field,Sri Lanka,Afghanistan,Afghanistan,Hambantota,"[1, 5, 2, 7, 8, 7, 7, 9, 7, 10, 10]",3.0,"[90.96, 79.56, 86.6, 82.9, 89.79, 78.59, 91.47, 60.6, 32.28, 36.11, 17.09]",6,0
Sri Lanka,bat,New Zealand,Sri Lanka,New Zealand,Hamilton,"[1, 1, 1, 8, 2, 7, 8, 10, 10, 10, 10]",3.0,"[90.96, 62.5, 86.6, 82.9, 89.79, 78.59, 91.47, 31.87, 111.04, 36.11, 32.28]",6,0
Sri Lanka,field,New Zealand,Sri Lanka,New Zealand,Auckland,"[1, 3, 1, 1, 2, 5, 9, 9, 10, 10, 10]",2.0,"[119.87, 163.6, 87.91, 98.07, 85.71, 97.48, 108.03, 70.5, 26.39, 35.73, 42.43]",0,198
India,bat,India,Sri Lanka,India,Thiruvananthapuram,"[3, 5, 2, 7, 8, 7, 7, 10, 9, 10, 10]",2.0,"[91.97, 103.46, 93.58, 101.27, 87.82, 105.02, 32.86, 28.94, 26.01, 23.68, 22.79]",0,317
Sri Lanka,bat,India,Sri Lanka,India,Eden Gardens,"[1, 3, 1, 1, 2, 7, 9, 10, 10, 10, 10]",3.0,"[92.91, 62.5, 86.6, 78.59, 89.79, 91.47, 111.04, 34.47, 31.87, 36.11, 32.28]",4,0
Sri Lanka,field,India,Sri Lanka,India,Guwahati,"[2, 3, 7, 1, 4, 7, 8, 9, 10, 10, 10]",2.0,"[91.97, 103.46, 93.58, 101.27, 87.82, 110.35, 32.86, 23.68, 22.79, 25.09, 22.09]",0,67
Afghanistan,bat,Sri Lanka,Afghanistan,Sri Lanka,Pallekele,"[2, 3, 7, 1, 4, 8, 7, 9, 10, 10, 10]",1.0,"[88.53, 80.44, 71.45, 68.6, 138.54, 86.62, 124.92, 20.48, 27.66, 28.34, 22.83]",4,0
Afghanistan,bat,Sri Lanka,Afghanistan,no result,Pallekele,"[2, 3, 7, 4, 8, 9, 7, 1, 10, 10, 10]",3.0,"[88.53, 80.44, 71.45, 68.6, 138.54, 124.92, 86.62, 20.48, 28.34, 22.83, 43.42]",0,0
Afghanistan,bat,Sri Lanka,Afghanistan,Afghanistan,Pallekele,"[7, 1, 2, 2, 8, 7, 10, 9, 10, 10, 10]",3.0,"[88.53, 80.44, 71.45, 138.54, 124.92, 20.48, 86.62, 68.6, 28.34, 43.42, 22.83]",0,60
Sri Lanka,bat,Sri Lanka,Australia,Australia,Colombo (RPS),"[2, 1, 2, 7, 8, 7, 10, 9, 7, 10, 10]",3.0,"[86.82, 90.96, 86.6, 74.24, 89.79, 91.47, 34.47, 31.87, 31.44, 18.83, 29.5]",4,0
Australia,field,Sri Lanka,Australia,Sri Lanka,Colombo (RPS),"[3, 1, 7, 5, 2, 4, 8, 8, 10, 10, 10]",2.0,"[93.41, 90.96, 86.6, 78.59, 89.79, 91.47, 34.47, 31.87, 111.04, 31.44, 29.5]",0,4
Australia,bat,Sri Lanka,Australia,Sri Lanka,Colombo (RPS),"[7, 1, 2, 7, 8, 7, 9, 10, 10, 10, 10]",2.0,"[97.26, 87.73, 96.18, 83.04, 88.4, 102.56, 126.91, 81.77, 29.37, 31.83, 26.34]",6,0
Australia,field,Sri Lanka,Australia,Sri Lanka,Pallekele,"[7, 1, 2, 7, 8, 7, 9, 7, 10, 10, 10]",1.0,"[86.82, 90.96, 86.6, 78.59, 89.79, 91.47, 31.87, 34.47, 31.44, 35.17, 29.5]",0,26
Sri Lanka,bat,Sri Lanka,Australia,Australia,Pallekele,"[1, 2, 7, 2, 8, 7, 9, 7, 10, 10, 10]",3.0,"[86.82, 90.96, 86.6, 78.59, 89.79, 91.47, 31.87, 111.04, 34.47, 35.17, 29.5]",2,0
Sri Lanka,bat,Sri Lanka,Zimbabwe,Sri Lanka,Pallekele,"[3, 2, 4, 4, 7, 8, 4, 10, 10, 10, 10]",3.0,"[90.96, 86.6, 59.34, 74.24, 89.79, 91.47, 31.87, 100.0, 35.17, 31.44, 29.5]",0,184
Zimbabwe,bat,Sri Lanka,Zimbabwe,Zimbabwe,Pallekele,"[3, 2, 4, 4, 7, 8, 4, 10, 10, 10, 10]",3.0,"[61.32, 67.84, 76.08, 86.69, 76.71, 86.43, 79.55, 39.56, 32.7, 32.62, 31.05]",0,22
Zimbabwe,bat,Sri Lanka,Zimbabwe,Sri Lanka,Pallekele,"[3, 2, 7, 7, 8, 7, 7, 9, 10, 10, 10]",2.0,"[61.32, 67.84, 76.08, 86.69, 76.71, 86.43, 79.55, 39.56, 32.7, 32.62, 31.05]",5,0
Sri Lanka,bat,Sri Lanka,South Africa,Sri Lanka,Colombo (RPS),"[1, 3, 3, 1, 2, 9, 7, 7, 10, 10, 10]",3.0,"[92.91, 74.24, 59.34, 78.59, 89.79, 91.47, 111.04, 31.87, 35.17, 29.5, 35.4]",0,78
South Africa,bat,Sri Lanka,South Africa,South Africa,Colombo (RPS),"[3, 1, 1, 7, 8, 7, 7, 9, 10, 7, 10]",1.0,"[129.56, 98.28, 130.92, 87.21, 115.17, 31.74, 78.84, 93.1, 27.77, 30.65, 31.72]",0,67
Sri Lanka,bat,Sri Lanka,South Africa,Sri Lanka,Colombo (RPS),"[3, 3, 2, 1, 5, 7, 4, 9, 10, 10, 10]",2.0,"[92.91, 72.16, 133.72, 78.59, 89.79, 91.47, 111.04, 31.87, 35.17, 69.78, 35.4]",0,14
India,bat,Sri Lanka,India,Sri Lanka,Colombo (RPS),"[3, 1, 1, 7, 8, 7, 7, 9, 10, 10, 10]",2.0,"[113.85, 91.35, 133.09, 126.15, 105.02, 110.35, 55.55, 27.24, 23.85, 80.16, 34.0]",3,0
Sri Lanka,bat,Sri Lanka,India,India,Colombo (RPS),"[3, 1, 1, 7, 8, 7, 7, 9, 7, 10, 10]",1.0,"[92.91, 72.16, 133.72, 78.59, 89.79, 91.47, 111.04, 31.87, 35.17, 57.0, 36.11]",3,0
Sri Lanka,bat,Sri Lanka,India,India,Colombo (RPS),"[3, 2, 1, 7, 1, 7, 7, 9, 10, 10, 10]",2.0,"[92.91, 72.16, 133.72, 78.59, 89.79, 91.47, 111.04, 31.87, 137.63, 35.17, 57.0]",7,0
Sri Lanka,field,England,Sri Lanka,no result,Bristol,"[1, 2, 3, 7, 8, 7, 7, 9, 10, 10, 10]",3.0,"[92.91, 92.88, 90.96, 78.59, 64.34, 111.04, 91.47, 31.87, 30.5, 35.17, 53.8]",0,0
Sri Lanka,field,England,Sri Lanka,England,The Oval,"[1, 2, 8, 7, 7, 8, 7, 9, 10, 10, 10]",1.0,"[92.91, 92.88, 90.96, 78.59, 64.34, 111.04, 91.47, 31.87, 30.5, 35.17, 53.8]",8,0
England,field,England,Sri Lanka,England,Chester-le-Street,"[7, 2, 1, 2, 7, 2, 7, 7, 9, 10, 10]",1.0,"[90.96, 92.88, 92.91, 78.59, 89.79, 111.04, 91.47, 31.87, 30.5, 35.17, 53.8]",5,0
England,field,Bangladesh,Sri Lanka,Sri Lanka,Mirpur,"[3, 2, 7, 2, 4, 7, 7, 7, 9, 10, 10]",3.0,"[90.96, 92.88, 89.79, 91.47, 111.04, 69.49, 100.0, 31.87, 30.5, 35.17, 35.4]",0,97
Sri Lanka,bat,Bangladesh,Sri Lanka,Bangladesh,Mirpur,"[3, 2, 7, 2, 1, 7, 7, 9, 7, 10, 10]",2.0,"[86.82, 92.88, 90.96, 86.6, 78.59, 93.41, 111.04, 100.0, 31.87, 30.5, 35.17]",0,103
Bangladesh,bat,Bangladesh,Sri Lanka,Bangladesh,Mirpur,"[7, 3, 1, 2, 7, 4, 9, 7, 10, 10, 10]",2.0,"[78.52, 86.64, 82.84, 79.74, 82.76, 76.92, 119.63, 78.34, 29.67, 27.05, 26.26]",0,33
Bangladesh,bat,West Indies,Sri Lanka,West Indies,North Sound,"[7, 3, 1, 1, 2, 4, 9, 7, 10, 10, 10]",1.0,"[78.52, 86.64, 82.84, 79.74, 77.52, 76.92, 119.63, 29.67, 78.34, 29.98, 26.26]",5,0
West Indies,field,West Indies,Sri Lanka,West Indies,North Sound,"[7, 3, 1, 7, 2, 4, 7, 7, 10, 10, 10]",2.0,"[86.82, 79.56, 90.96, 74.24, 91.47, 110.22, 32.8, 111.04, 32.42, 57.0, 53.8]",5,0
West Indies,field,West Indies,Sri Lanka,West Indies,North Sound,"[3, 3, 2, 2, 7, 7, 9, 7, 7, 10, 10]",3.0,"[86.82, 79.56, 90.96, 64.34, 74.24, 110.22, 32.8, 111.04, 57.0, 35.17, 37.12]",8,0
Sri Lanka,bat,Sri Lanka,West Indies,Sri Lanka,Pallekele,"[3, 3, 2, 2, 9, 7, 7, 7, 7, 10, 10]",3.0,"[86.82, 79.56, 90.96, 82.9, 74.24, 110.22, 59.34, 111.04, 35.17, 57.0, 37.12]",0,6
Sri Lanka,bat,Sri Lanka,West Indies,Sri Lanka,Hambantota,"[2, 3, 1, 7, 2, 8, 9, 7, 10, 10, 10]",1.0,"[92.91, 79.56, 92.88, 86.6, 82.9, 78.59, 32.8, 111.04, 137.63, 57.0, 37.12]",0,161
West Indies,field,Sri Lanka,West Indies,Sri Lanka,Colombo (SSC),"[7, 3, 1, 7, 1, 8, 7, 7, 10, 10, 10]",1.0,"[92.91, 79.56, 92.88, 86.6, 32.8, 82.9, 78.59, 111.04, 137.63, 57.0, 37.12]",0,0
Sri Lanka,field,Pakistan,Sri Lanka,Pakistan,Karachi,"[3, 1, 5, 4, 2, 4, 7, 10, 7, 10, 10]",3.0,"[77.58, 95.74, 70.11, 75.0, 134.69, 135.14, 36.96, 96.96, 26.58, 28.45, 32.4]",5,0
Sri Lanka,bat,Pakistan,Sri Lanka,Pakistan,Karachi,"[3, 3, 2, 2, 7, 7, 8, 7, 7, 10, 10]",3.0,"[86.82, 92.91, 72.27, 90.76, 72.16, 108.55, 91.47, 111.04, 57.0, 37.12, 32.28]",0,67
Pakistan,bat,Sri Lanka,Bangladesh,Sri Lanka,Colombo (RPS),"[3, 4, 1, 2, 7, 4, 4, 7, 10, 10, 10]",3.0,"[93.44, 82.55, 88.75, 85.48, 87.85, 106.59, 131.7, 34.3, 85.75, 29.62, 18.61]",0,122
Sri Lanka,bat,Sri Lanka,Bangladesh,Sri Lanka,Colombo (RPS),"[3, 3, 2, 2, 7, 1, 9, 7, 10, 10, 10]",1.0,"[92.91, 79.56, 92.88, 86.6, 82.9, 91.47, 108.55, 111.04, 69.78, 36.11, 32.28]",7,0
Bangladesh,bat,Sri Lanka,Bangladesh,Sri Lanka,Colombo (RPS),"[3, 2, 3, 2, 7, 1, 7, 9, 7, 10, 10]",3.0,"[78.52, 97.48, 77.52, 79.74, 76.92, 91.23, 82.76, 78.34, 25.96, 26.26, 36.12]",0,91
Sri Lanka,bat,India,Sri Lanka,India,Leeds,"[3, 2, 3, 2, 7, 1, 7, 7, 10, 10, 10]",1.0,"[92.91, 79.56, 92.88, 86.6, 82.9, 72.27, 32.8, 78.59, 28.87, 37.12, 32.28]",7,0
Sri Lanka,bat,Sri Lanka,West Indies,Sri Lanka,Chester-le-Street,"[3, 2, 3, 2, 7, 7, 7, 9, 7, 10, 10]",1.0,"[79.56, 92.88, 92.91, 86.6, 82.9, 72.27, 78.59, 32.8, 137.63, 36.11, 28.87]",0,23
West Indies,field,South Africa,Sri Lanka,South Africa,Chester-le-Street,"[3, 2, 3, 2, 7, 7, 7, 9, 7, 10, 10]",2.0,"[79.56, 92.88, 92.91, 86.6, 82.9, 72.27, 137.63, 78.59, 31.44, 36.11, 28.87]",9,0
South Africa,field,England,Sri Lanka,Sri Lanka,Leeds,"[3, 1, 1, 4, 8, 1, 2, 10, 10, 10, 10]",2.0,"[79.56, 92.88, 92.91, 86.6, 82.9, 78.59, 118.96, 32.8, 137.63, 32.42, 28.87]",0,20
Sri Lanka,bat,Australia,Sri Lanka,Australia,The Oval,"[3, 2, 1, 2, 7, 7, 9, 7, 10, 10, 10]",3.0,"[79.56, 92.88, 92.91, 86.6, 82.9, 118.96, 78.59, 32.8, 137.63, 28.87, 37.12]",0,87
Sri Lanka,field,Afghanistan,Sri Lanka,Sri Lanka,Cardiff,"[1, 3, 2, 2, 7, 7, 7, 9, 7, 10, 10]",3.0,"[97.26, 87.73, 84.09, 87.41, 126.91, 81.41, 88.4, 28.66, 22.96, 24.61, 23.53]",0,34
Afghanistan,field,New Zealand,Sri Lanka,New Zealand,Cardiff,"[3, 3, 2, 9, 7, 1, 7, 7, 7, 10, 10]",3.0,"[79.56, 92.88, 72.27, 86.6, 82.9, 78.59, 32.8, 137.63, 32.42, 28.87, 37.12]",10,0
New Zealand,field,Scotland,Sri Lanka,Sri Lanka,Edinburgh,"[3, 5, 1, 2, 7, 4, 9, 7, 7, 7, 10]",3.0,"[72.27, 79.56, 92.88, 86.6, 78.59, 82.9, 118.96, 32.8, 137.63, 32.42, 28.87]",0,35
Scotland,field,South Africa,Sri Lanka,South Africa,Cape Town,"[3, 5, 1, 2, 4, 7, 7, 9, 7, 10, 10]",1.0,"[92.91, 79.56, 86.6, 32.8, 82.9, 72.27, 78.59, 118.96, 137.63, 32.42, 37.12]",0,41
Sri Lanka,bat,South Africa,Sri Lanka,South Africa,Gqeberha,"[2, 3, 4, 1, 4, 9, 9, 10, 10, 10, 10]",3.0,"[92.91, 75.92, 64.34, 86.6, 90.76, 56.98, 32.8, 78.59, 137.63, 69.78, 28.87]",6,0
South Africa,field,South Africa,Sri Lanka,South Africa,Durban,"[2, 3, 4, 1, 7, 4, 9, 10, 10, 10, 10]",3.0,"[92.91, 75.92, 64.34, 86.6, 56.98, 59.34, 78.59, 32.8, 137.63, 28.87, 36.11]",0,71
Sri Lanka,field,South Africa,Sri Lanka,South Africa,Centurion,"[2, 5, 2, 1, 2, 7, 9, 7, 10, 10, 10]",3.0,"[96.64, 130.92, 88.6, 87.21, 144.55, 27.05, 31.74, 27.77, 28.5, 24.83, 31.72]",0,113
Sri Lanka,field,South Africa,Sri Lanka,South Africa,Johannesburg,"[3, 3, 1, 4, 1, 8, 2, 10, 10, 10, 10]",1.0,"[96.64, 130.92, 88.6, 87.21, 78.84, 144.55, 31.74, 27.77, 27.27, 28.5, 24.83]",8,0
South Africa,field,New Zealand,Sri Lanka,New Zealand,Nelson,"[3, 3, 1, 4, 1, 8, 2, 10, 10, 10, 10]",1.0,"[93.41, 75.92, 92.88, 64.34, 86.6, 78.59, 32.8, 69.78, 28.87, 57.0, 67.4]",0,115
Sri Lanka,field,New Zealand,Sri Lanka,New Zealand,Mount Maunganui,"[3, 3, 1, 4, 1, 2, 8, 10, 10, 10, 10]",3.0,"[87.29, 104.69, 81.38, 83.32, 81.07, 99.93, 134.14, 33.7, 26.39, 35.73, 31.55]",0,21
New Zealand,bat,New Zealand,Sri Lanka,New Zealand,Mount Maunganui,"[2, 2, 2, 2, 7, 9, 7, 7, 10, 10, 10]",3.0,"[87.29, 104.69, 81.38, 83.32, 81.07, 99.93, 134.14, 33.7, 26.39, 35.73, 24.38]",0,45
New Zealand,bat,Sri Lanka,England,Sri Lanka,Colombo (RPS),"[2, 2, 2, 2, 7, 7, 9, 7, 10, 10, 10]",1.0,"[87.29, 104.69, 81.38, 83.32, 81.07, 134.14, 99.93, 26.39, 35.73, 31.55, 24.38]",0,219
Sri Lanka,bat,Sri Lanka,England,England,Pallekele,"[2, 2, 2, 2, 9, 7, 7, 7, 10, 10, 10]",3.0,"[93.41, 95.66, 74.24, 86.6, 91.47, 32.8, 78.59, 69.78, 35.17, 36.11, 57.0]",0,18
England,field,Sri Lanka,England,England,Pallekele,"[3, 2, 1, 4, 7, 2, 8, 7, 7, 10, 10]",2.0,"[93.41, 95.66, 74.24, 86.6, 78.59, 91.47, 32.8, 69.78, 28.87, 19.75, 36.11]",7,0
England,field,Sri Lanka,England,England,Dambulla,"[3, 2, 1, 4, 7, 2, 8, 7, 7, 10, 10]",2.0,"[93.41, 95.66, 86.6, 74.24, 32.8, 78.59, 91.47, 69.78, 28.87, 19.75, 37.12]",0,31
Sri Lanka,field,Sri Lanka,England,no result,Dambulla,"[2, 1, 7, 4, 1, 7, 4, 8, 9, 10, 10]",1.0,"[105.53, 102.92, 86.77, 91.16, 95.68, 117.11, 98.16, 89.12, 85.13, 32.04, 39.62]",0,0
Sri Lanka,field,Afghanistan,Sri Lanka,Afghanistan,Abu Dhabi,"[3, 2, 7, 2, 1, 7, 4, 7, 10, 10, 10]",3.0,"[105.53, 102.92, 86.77, 91.16, 95.68, 117.11, 98.16, 89.12, 85.13, 32.04, 39.62]",0,91
Afghanistan,bat,Bangladesh,Sri Lanka,Bangladesh,Dubai (DSC),"[2, 5, 2, 2, 7, 7, 9, 7, 7, 10, 10]",2.0,"[88.48, 69.77, 71.45, 66.77, 68.6, 86.62, 138.54, 124.92, 20.48, 29.45, 28.34]",0,137
Bangladesh,bat,Sri Lanka,South Africa,Sri Lanka,Colombo (RPS),"[2, 5, 2, 2, 7, 7, 9, 7, 7, 10, 10]",2.0,"[78.52, 86.64, 82.84, 79.74, 77.52, 76.92, 82.76, 78.34, 32.93, 34.31, 26.26]",0,178
Sri Lanka,bat,Sri Lanka,South Africa,Sri Lanka,Pallekele,"[1, 2, 3, 4, 8, 4, 9, 7, 10, 10, 10]",1.0,"[93.41, 75.92, 92.88, 86.6, 82.9, 78.59, 32.8, 91.47, 69.78, 32.42, 32.28]",0,3
South Africa,field,Sri Lanka,South Africa,South Africa,Pallekele,"[5, 2, 2, 2, 7, 8, 9, 7, 10, 10, 10]",3.0,"[93.41, 75.92, 86.6, 92.88, 82.9, 78.59, 32.8, 91.47, 69.78, 32.42, 32.28]",0,78
Sri Lanka,field,Sri Lanka,South Africa,South Africa,Dambulla,"[2, 5, 2, 2, 7, 8, 9, 7, 10, 10, 10]",2.0,"[88.39, 96.64, 130.92, 88.6, 84.55, 144.55, 31.74, 78.84, 27.77, 31.72, 28.5]",4,0
Sri Lanka,bat,Sri Lanka,South Africa,South Africa,Dambulla,"[7, 5, 2, 2, 2, 9, 5, 7, 10, 10, 10]",2.0,"[75.92, 93.41, 86.6, 92.88, 82.9, 108.55, 32.8, 69.78, 32.42, 46.7, 36.11]",5,0
Sri Lanka,bat,Bangladesh,Sri Lanka,Sri Lanka,Mirpur,"[3, 2, 7, 2, 7, 4, 10, 7, 10, 10, 10]",1.0,"[93.41, 75.92, 86.6, 92.88, 82.9, 108.55, 32.8, 69.78, 32.42, 57.0, 32.28]",0,79
Sri Lanka,bat,Bangladesh,Sri Lanka,Sri Lanka,Mirpur,"[1, 5, 4, 2, 8, 5, 2, 10, 10, 10, 10]",1.0,"[86.82, 75.92, 86.6, 93.41, 74.24, 32.8, 79.41, 69.78, 31.0, 32.42, 35.17]",10,0
Bangladesh,bat,Sri Lanka,Zimbabwe,Sri Lanka,Mirpur,"[3, 2, 7, 2, 7, 4, 10, 7, 9, 10, 10]",2.0,"[78.52, 74.77, 82.84, 79.74, 76.92, 91.23, 38.2, 79.81, 32.93, 34.31, 26.26]",5,0
Zimbabwe,bat,Bangladesh,Sri Lanka,Bangladesh,Mirpur,"[1, 5, 4, 2, 8, 5, 2, 10, 10, 10, 10]",2.0,"[73.21, 80.25, 76.08, 76.64, 86.43, 76.81, 67.51, 30.22, 36.0, 32.62, 32.7]",0,163
Bangladesh,bat,Sri Lanka,Zimbabwe,Zimbabwe,Mirpur,"[7, 5, 2, 7, 2, 5, 9, 7, 7, 10, 10]",2.0,"[78.52, 74.77, 82.84, 79.74, 76.92, 91.23, 32.93, 79.81, 29.67, 34.31, 26.26]",0,12
Sri Lanka,field,India,Sri Lanka,India,Visakhapatnam,"[1, 3, 1, 2, 7, 2, 1, 10, 9, 10, 10]",2.0,"[73.21, 80.25, 76.08, 76.64, 86.43, 76.81, 67.51, 30.22, 36.0, 32.62, 32.7]",8,0
India,field,India,Sri Lanka,India,Mohali,"[1, 3, 1, 2, 1, 2, 7, 10, 10, 10, 10]",2.0,"[86.82, 75.92, 95.66, 82.9, 93.41, 79.41, 32.8, 112.5, 69.78, 32.42, 37.12]",0,141
Sri Lanka,field,India,Sri Lanka,Sri Lanka,Dharamsala,"[5, 2, 2, 1, 2, 7, 7, 9, 10, 10, 10]",2.0,"[91.97, 91.35, 101.27, 87.56, 110.35, 73.24, 126.15, 35.11, 28.94, 23.55, 25.09]",7,0
Sri Lanka,field,Pakistan,Sri Lanka,Pakistan,Sharjah,"[2, 5, 2, 1, 2, 7, 7, 9, 7, 10, 10]",1.0,"[91.97, 91.35, 101.27, 73.24, 126.15, 87.56, 110.35, 35.11, 26.01, 23.55, 25.09]",9,0
Sri Lanka,bat,Pakistan,Sri Lanka,Pakistan,Sharjah,"[2, 5, 2, 4, 1, 7, 10, 9, 7, 10, 10]",3.0,"[75.92, 95.66, 74.24, 72.27, 93.41, 98.28, 94.6, 32.8, 31.44, 35.17, 67.4]",7,0
Sri Lanka,bat,Pakistan,Sri Lanka,Pakistan,Abu Dhabi,"[3, 3, 5, 7, 7, 2, 7, 7, 10, 10, 10]",2.0,"[93.41, 75.92, 74.24, 72.27, 95.66, 98.28, 94.6, 32.8, 69.78, 32.42, 43.55]",7,0
Sri Lanka,bat,Pakistan,Sri Lanka,Pakistan,Abu Dhabi,"[3, 3, 5, 7, 7, 2, 7, 10, 10, 7, 10]",3.0,"[93.41, 75.92, 74.24, 72.04, 72.27, 98.28, 31.44, 32.8, 69.78, 35.17, 43.55]",0,32
Pakistan,bat,Pakistan,Sri Lanka,Pakistan,Dubai (DSC),"[2, 5, 3, 1, 7, 7, 7, 7, 7, 10, 10]",3.0,"[93.44, 72.08, 88.75, 76.61, 81.9, 87.85, 131.7, 85.75, 30.84, 27.5, 29.23]",0,83
Sri Lanka,field,Sri Lanka,India,India,Colombo (RPS),"[1, 3, 1, 7, 2, 1, 2, 9, 10, 10, 10]",3.0,"[93.44, 72.08, 88.75, 76.61, 81.9, 87.85, 131.7, 30.84, 27.5, 85.75, 29.23]",6,0
Sri Lanka,bat,Sri Lanka,India,India,Colombo (RPS),"[2, 2, 2, 1, 7, 4, 7, 7, 10, 10, 10]",1.0,"[93.41, 75.92, 131.09, 72.27, 82.9, 98.28, 111.04, 69.78, 42.3, 67.4, 28.87]",0,168
India,bat,Sri Lanka,India,India,Pallekele,"[2, 7, 2, 5, 7, 7, 4, 7, 10, 10, 10]",2.0,"[91.97, 91.35, 93.58, 110.35, 87.82, 126.15, 87.56, 32.86, 26.01, 23.55, 30.98]",6,0
Sri Lanka,bat,Sri Lanka,India,India,Pallekele,"[2, 7, 2, 5, 7, 4, 7, 9, 10, 10, 10]",2.0,"[93.41, 74.24, 86.6, 72.27, 82.9, 72.04, 98.28, 69.78, 35.17, 67.4, 28.87]",3,0
India,field,Sri Lanka,India,India,Dambulla,"[2, 7, 2, 5, 7, 5, 7, 10, 7, 10, 10]",3.0,"[93.41, 86.82, 86.6, 75.92, 82.9, 98.28, 72.04, 69.78, 35.17, 67.4, 28.87]",9,0
India,field,Sri Lanka,Zimbabwe,Zimbabwe,Hambantota,"[2, 7, 7, 5, 5, 2, 7, 10, 10, 10, 10]",3.0,"[93.41, 86.82, 86.6, 75.92, 82.9, 72.04, 111.04, 32.8, 57.0, 28.87, 67.4]",3,0
Zimbabwe,field,Sri Lanka,Zimbabwe,Zimbabwe,Hambantota,"[1, 5, 1, 4, 4, 5, 8, 2, 10, 7, 10]",3.0,"[93.41, 86.82, 86.6, 75.92, 82.9, 79.41, 111.04, 33.92, 69.78, 35.17, 28.87]",4,0
Sri Lanka,bat,Sri Lanka,Zimbabwe,Sri Lanka,Hambantota,"[1, 5, 4, 4, 8, 4, 5, 2, 10, 10, 10]",1.0,"[93.41, 86.82, 82.9, 75.92, 79.41, 86.6, 111.04, 28.87, 53.8, 35.17, 57.0]",8,0
Sri Lanka,field,Sri Lanka,Zimbabwe,Sri Lanka,Galle,"[2, 7, 2, 5, 7, 5, 7, 10, 10, 10, 7]",3.0,"[73.21, 80.25, 79.58, 76.08, 86.69, 76.81, 86.43, 67.51, 30.22, 58.18, 32.62]",7,0
Sri Lanka,field,Sri Lanka,Zimbabwe,Zimbabwe,Galle,"[2, 7, 2, 2, 7, 7, 5, 9, 10, 10, 10]",3.0,"[73.21, 80.25, 76.08, 86.69, 86.43, 79.55, 76.81, 67.51, 30.22, 40.44, 32.62]",6,0
Sri Lanka,bat,Pakistan,Sri Lanka,Pakistan,Cardiff,"[1, 3, 1, 4, 2, 7, 8, 7, 10, 10, 10]",2.0,"[93.41, 86.82, 86.6, 75.92, 82.9, 79.41, 75.86, 28.87, 37.12, 19.75, 69.78]",3,0
Pakistan,field,India,Sri Lanka,Sri Lanka,The Oval,"[1, 2, 4, 2, 4, 8, 9, 10, 10, 10, 10]",3.0,"[93.41, 86.82, 86.6, 74.24, 82.9, 78.59, 79.41, 32.8, 32.42, 28.87, 37.12]",7,0
Sri Lanka,field,South Africa,Sri Lanka,South Africa,The Oval,"[7, 5, 2, 2, 7, 5, 9, 7, 7, 10, 10]",1.0,"[91.97, 91.35, 93.58, 87.67, 87.56, 110.35, 123.23, 85.06, 35.11, 33.63, 23.55]",0,96
Sri Lanka,field,Sri Lanka,Bangladesh,Sri Lanka,Colombo (SSC),"[7, 5, 2, 2, 5, 7, 9, 7, 10, 10, 10]",1.0,"[88.39, 96.64, 88.6, 101.09, 144.55, 84.55, 36.58, 30.4, 27.77, 25.32, 24.83]",0,70
Bangladesh,field,Sri Lanka,Bangladesh,no result,Dambulla,"[3, 4, 4, 2, 7, 4, 7, 7, 10, 10, 10]",3.0,"[86.82, 75.92, 86.6, 74.24, 98.28, 79.41, 32.8, 94.6, 76.38, 33.92, 32.42]",0,0
Sri Lanka,field,Sri Lanka,Bangladesh,Bangladesh,Dambulla,"[2, 1, 4, 2, 8, 8, 9, 10, 9, 10, 10]",1.0,"[86.82, 75.92, 86.6, 74.24, 79.41, 98.28, 32.8, 76.38, 33.92, 32.42, 37.12]",0,90
Sri Lanka,field,South Africa,Sri Lanka,South Africa,Centurion,"[1, 2, 4, 2, 8, 8, 10, 9, 10, 10, 10]",2.0,"[78.52, 97.48, 91.23, 79.74, 82.84, 82.76, 76.92, 78.34, 32.93, 29.98, 26.26]",0,88
Sri Lanka,field,South Africa,Sri Lanka,South Africa,Cape Town,"[2, 5, 2, 2, 7, 5, 7, 7, 10, 10, 10]",2.0,"[96.64, 88.39, 88.6, 101.09, 84.55, 128.21, 36.58, 30.4, 31.74, 24.83, 27.77]",0,40
South Africa,bat,South Africa,Sri Lanka,South Africa,Johannesburg,"[1, 2, 4, 2, 8, 4, 9, 10, 9, 10, 10]",1.0,"[88.39, 96.64, 88.6, 101.09, 84.55, 128.21, 30.4, 27.05, 24.83, 27.77, 31.72]",7,0
South Africa,field,South Africa,Sri Lanka,South Africa,Durban,"[2, 2, 2, 2, 5, 7, 5, 10, 10, 10, 10]",1.0,"[93.41, 75.92, 86.6, 74.24, 78.59, 79.41, 112.5, 75.86, 32.42, 32.28, 57.0]",0,121
Sri Lanka,field,South Africa,Sri Lanka,South Africa,Gqeberha,"[1, 2, 1, 4, 8, 4, 5, 10, 10, 10, 10]",1.0,"[88.39, 96.64, 88.6, 101.09, 84.55, 144.55, 36.58, 30.4, 31.74, 27.77, 24.83]",8,0
South Africa,field,Zimbabwe,Sri Lanka,Sri Lanka,Bulawayo,"[7, 2, 2, 2, 8, 5, 5, 7, 10, 10, 10]",2.0,"[93.41, 91.81, 86.6, 74.24, 75.92, 78.59, 79.41, 33.92, 31.44, 32.42, 57.0]",6,0
Zimbabwe,bat,Sri Lanka,West Indies,Sri Lanka,Bulawayo,"[3, 1, 4, 8, 4, 7, 2, 10, 10, 10, 10]",1.0,"[73.21, 67.51, 79.58, 76.08, 86.43, 86.69, 76.81, 30.22, 40.44, 28.5, 35.9]",0,0
West Indies,field,Zimbabwe,Sri Lanka,no result,Bulawayo,"[2, 3, 3, 2, 8, 4, 7, 9, 10, 10, 10]",1.0,"[78.59, 92.88, 93.41, 86.6, 108.55, 75.92, 79.41, 112.5, 33.92, 37.12, 32.42]",0,0
Sri Lanka,field,Sri Lanka,West Indies,West Indies,Harare,"[3, 1, 4, 8, 4, 2, 7, 10, 10, 7, 10]",1.0,"[46.61, 63.22, 76.08, 86.43, 86.69, 80.02, 67.51, 30.22, 40.44, 38.5, 28.5]",0,62
Sri Lanka,field,Zimbabwe,Sri Lanka,Sri Lanka,Harare,"[7, 7, 2, 2, 5, 2, 7, 7, 7, 10, 10]",3.0,"[130.88, 57.55, 151.97, 77.58, 100.4, 144.81, 91.04, 36.96, 39.75, 49.05, 34.36]",8,0
Sri Lanka,field,Sri Lanka,Australia,Australia,Pallekele,"[7, 3, 2, 2, 7, 7, 2, 9, 7, 7, 10]",2.0,"[46.61, 63.22, 76.08, 86.43, 86.69, 67.51, 80.02, 30.22, 40.44, 58.18, 46.52]",5,0
Sri Lanka,bat,Sri Lanka,Australia,Australia,Dambulla,"[7, 7, 2, 2, 7, 7, 2, 9, 7, 7, 10]",1.0,"[78.59, 86.82, 86.6, 74.24, 75.92, 92.88, 91.47, 112.5, 76.38, 32.42, 19.75]",6,0
Sri Lanka,bat,Sri Lanka,Australia,Australia,Dambulla,"[7, 7, 2, 2, 7, 7, 2, 9, 7, 7, 10]",1.0,"[78.59, 92.91, 86.6, 74.24, 82.9, 90.76, 92.88, 32.8, 112.5, 76.38, 19.75]",2,0
Sri Lanka,bat,Sri Lanka,Australia,Sri Lanka,Colombo (RPS),"[2, 7, 2, 2, 7, 7, 7, 9, 7, 10, 10]",3.0,"[86.82, 86.23, 86.6, 74.24, 82.9, 78.59, 92.88, 32.8, 94.6, 76.38, 19.75]",0,82
Sri Lanka,bat,Sri Lanka,Australia,Australia,Colombo (RPS),"[3, 5, 1, 4, 2, 2, 7, 10, 10, 9, 10]",1.0,"[86.82, 86.23, 86.6, 74.24, 82.9, 78.59, 92.88, 32.8, 94.6, 76.38, 19.75]",3,0
Australia,field,England,Sri Lanka,England,Cardiff,"[2, 7, 2, 2, 7, 7, 7, 5, 7, 10, 10]",2.0,"[92.88, 86.23, 86.6, 74.24, 82.9, 78.59, 98.28, 32.8, 76.38, 19.75, 57.0]",0,122
Sri Lanka,field,England,Sri Lanka,England,The Oval,"[2, 7, 2, 2, 7, 7, 5, 7, 7, 10, 10]",3.0,"[105.53, 87.62, 86.77, 91.16, 102.92, 117.11, 89.12, 29.7, 36.08, 23.13, 32.04]",6,0
England,field,England,Sri Lanka,no result,Bristol,"[2, 7, 2, 2, 7, 7, 5, 7, 10, 10, 10]",2.0,"[92.88, 86.82, 86.6, 74.24, 82.9, 94.6, 91.47, 75.92, 86.01, 37.12, 32.42]",0,0
England,field,England,Sri Lanka,England,Birmingham,"[2, 7, 2, 2, 7, 7, 5, 7, 7, 10, 10]",3.0,"[92.88, 86.82, 86.6, 74.24, 82.9, 94.6, 75.92, 91.47, 86.01, 32.42, 37.12]",10,0
Sri Lanka,bat,England,Sri Lanka,tied,Nottingham,"[2, 7, 7, 7, 7, 7, 2, 2, 5, 10, 10]",2.0,"[92.88, 86.82, 86.6, 74.24, 82.9, 94.6, 75.92, 86.01, 33.72, 32.42, 37.12]",0,0
England,field,Ireland,Sri Lanka,Sri Lanka,Dublin (Malahide),"[2, 7, 2, 2, 7, 7, 7, 5, 7, 10, 10]",3.0,"[92.88, 86.82, 86.6, 74.24, 82.9, 94.6, 75.92, 91.47, 86.01, 32.42, 37.12]",0,136
Ireland,field,Ireland,Sri Lanka,Sri Lanka,Dublin (Malahide),"[3, 2, 1, 4, 1, 2, 9, 10, 10, 10, 10]",2.0,"[92.88, 86.82, 94.6, 91.47, 86.01, 82.9, 74.24, 86.6, 75.92, 32.66, 32.42]",0,76
Ireland,field,New Zealand,Sri Lanka,New Zealand,Mount Maunganui,"[3, 2, 1, 4, 1, 9, 2, 10, 10, 10, 10]",2.0,"[92.88, 86.82, 86.6, 74.24, 82.9, 91.47, 94.6, 75.92, 78.59, 32.66, 37.12]",0,36
Sri Lanka,field,New Zealand,Sri Lanka,no result,Nelson,"[3, 2, 1, 4, 1, 9, 2, 10, 10, 10, 10]",1.0,"[87.29, 85.71, 81.38, 83.32, 81.07, 114.5, 37.0, 35.73, 24.98, 26.39, 24.38]",0,0
Sri Lanka,field,New Zealand,Sri Lanka,Sri Lanka,Nelson,"[7, 7, 1, 2, 7, 7, 4, 10, 10, 10, 10]",3.0,"[87.29, 85.71, 81.38, 83.32, 81.07, 37.0, 114.5, 24.98, 26.39, 35.73, 26.3]",8,0
New Zealand,bat,New Zealand,Sri Lanka,New Zealand,Christchurch,"[7, 7, 1, 2, 7, 7, 4, 10, 10, 10, 10]",3.0,"[87.29, 85.71, 81.38, 83.32, 81.07, 37.0, 114.5, 32.5, 24.98, 33.7, 26.3]",10,0
Sri Lanka,bat,New Zealand,Sri Lanka,New Zealand,Christchurch,"[2, 1, 4, 1, 1, 2, 8, 9, 7, 9, 10]",1.0,"[86.82, 86.23, 72.27, 74.24, 82.9, 98.28, 72.04, 33.92, 35.35, 35.17, 31.44]",7,0
Sri Lanka,bat,Sri Lanka,West Indies,Sri Lanka,Pallekele,"[2, 1, 4, 1, 1, 8, 4, 7, 10, 9, 10]",1.0,"[86.82, 86.23, 72.27, 74.24, 82.9, 98.28, 72.04, 33.92, 21.86, 35.17, 32.42]",0,19
Sri Lanka,field,Sri Lanka,West Indies,Sri Lanka,Colombo (RPS),"[1, 2, 1, 1, 8, 7, 7, 9, 2, 10, 9]",3.0,"[130.88, 111.37, 56.09, 70.11, 75.11, 80.35, 62.1, 36.96, 91.04, 26.46, 29.35]",8,0
West Indies,bat,Sri Lanka,West Indies,Sri Lanka,Colombo (RPS),"[2, 7, 1, 2, 7, 7, 9, 7, 10, 10, 10]",2.0,"[130.88, 111.37, 56.09, 70.11, 75.11, 46.7, 87.37, 91.04, 29.53, 26.46, 29.35]",0,0
Sri Lanka,field,Sri Lanka,Pakistan,Sri Lanka,Hambantota,"[2, 7, 1, 7, 2, 7, 7, 7, 10, 10, 10]",3.0,"[111.37, 130.88, 70.11, 75.11, 100.4, 130.22, 91.04, 36.96, 80.35, 29.53, 26.46]",0,165
Sri Lanka,bat,Sri Lanka,Pakistan,Pakistan,Colombo (RPS),"[3, 1, 7, 2, 7, 2, 7, 10, 10, 10, 10]",2.0,"[92.88, 86.23, 72.27, 74.24, 82.9, 98.28, 32.8, 87.09, 35.35, 32.42, 43.55]",7,0
Sri Lanka,bat,Sri Lanka,Pakistan,Pakistan,Colombo (RPS),"[1, 3, 7, 5, 7, 2, 2, 10, 10, 10, 10]",1.0,"[92.88, 86.23, 72.27, 82.9, 74.24, 87.09, 98.28, 112.5, 28.87, 32.42, 37.12]",0,135
Pakistan,bat,Sri Lanka,Pakistan,Sri Lanka,Pallekele,"[2, 7, 1, 5, 7, 2, 9, 7, 7, 10, 10]",3.0,"[72.08, 74.45, 76.61, 87.85, 81.9, 89.8, 131.7, 36.7, 47.91, 36.55, 30.71]",2,0
Pakistan,bat,Sri Lanka,Pakistan,Pakistan,Dambulla,"[2, 7, 2, 1, 5, 7, 9, 10, 10, 10, 10]",3.0,"[74.45, 72.08, 76.61, 88.75, 81.9, 89.8, 87.85, 36.7, 47.91, 36.55, 30.71]",6,0
Pakistan,field,South Africa,Sri Lanka,South Africa,Sydney,"[1, 7, 2, 5, 7, 2, 9, 7, 10, 10, 10]",2.0,"[92.88, 86.23, 72.27, 75.92, 82.9, 74.24, 32.8, 98.28, 94.6, 28.87, 32.42]",9,0
Sri Lanka,bat,Scotland,Sri Lanka,Sri Lanka,Hobart,"[1, 3, 4, 4, 8, 7, 9, 2, 10, 10, 10]",2.0,"[92.88, 86.23, 78.86, 72.27, 78.96, 82.9, 32.8, 33.92, 46.7, 35.17, 28.87]",0,148
Sri Lanka,bat,Australia,Sri Lanka,Australia,Sydney,"[8, 1, 4, 1, 4, 4, 2, 7, 10, 10, 10]",3.0,"[72.27, 86.23, 78.86, 78.96, 82.9, 92.88, 32.8, 94.6, 33.92, 28.87, 35.17]",0,64
Australia,bat,England,Sri Lanka,Sri Lanka,Wellington,"[1, 7, 2, 3, 5, 7, 2, 9, 10, 10, 10]",3.0,"[87.73, 97.26, 87.41, 78.98, 126.91, 90.44, 30.85, 84.24, 25.26, 22.96, 40.43]",9,0
England,bat,Bangladesh,Sri Lanka,Sri Lanka,Melbourne,"[1, 1, 4, 7, 7, 4, 2, 10, 10, 10, 10]",3.0,"[98.16, 77.16, 71.04, 86.77, 91.16, 80.12, 117.11, 89.12, 30.13, 29.37, 29.22]",0,92
Sri Lanka,bat,Afghanistan,Sri Lanka,Sri Lanka,Dunedin,"[3, 2, 1, 4, 7, 8, 2, 7, 10, 10, 10]",2.0,"[72.27, 86.23, 78.86, 79.56, 78.96, 82.9, 74.24, 32.8, 31.91, 28.87, 32.42]",4,0
Sri Lanka,field,New Zealand,Sri Lanka,New Zealand,Christchurch,"[1, 7, 2, 5, 7, 2, 9, 10, 3, 10, 10]",2.0,"[76.01, 111.47, 66.77, 118.06, 86.62, 138.54, 54.09, 31.71, 24.5, 16.57, 24.51]",0,98
Sri Lanka,field,New Zealand,Sri Lanka,Sri Lanka,Wellington,"[3, 2, 1, 4, 8, 2, 7, 7, 10, 10, 10]",1.0,"[87.29, 96.37, 81.38, 83.32, 81.78, 108.72, 114.5, 82.98, 33.7, 24.98, 24.38]",0,34
Sri Lanka,bat,New Zealand,Sri Lanka,New Zealand,Dunedin,"[3, 2, 1, 4, 7, 8, 2, 10, 10, 10, 10]",1.0,"[72.27, 86.23, 78.86, 78.96, 94.6, 74.24, 32.8, 33.92, 79.56, 32.66, 35.17]",0,120
New Zealand,bat,New Zealand,Sri Lanka,New Zealand,Dunedin,"[3, 7, 2, 5, 7, 1, 9, 7, 10, 10, 10]",3.0,"[87.29, 96.37, 81.38, 83.32, 108.72, 114.5, 81.78, 82.98, 27.02, 24.38, 26.3]",0,108
Sri Lanka,field,New Zealand,Sri Lanka,New Zealand,Nelson,"[3, 2, 2, 4, 8, 7, 2, 10, 10, 10, 10]",3.0,"[87.29, 96.37, 81.38, 83.32, 81.78, 108.72, 114.5, 22.03, 33.7, 26.3, 24.38]",4,0
Sri Lanka,bat,New Zealand,Sri Lanka,no result,Auckland,"[3, 2, 2, 4, 7, 8, 2, 10, 10, 10, 10]",3.0,"[79.56, 86.23, 78.86, 78.96, 82.9, 72.27, 32.8, 118.96, 33.92, 35.35, 31.91]",0,0
Sri Lanka,field,New Zealand,Sri Lanka,Sri Lanka,Hamilton,"[3, 7, 2, 5, 7, 1, 7, 9, 10, 10, 10]",1.0,"[87.29, 96.37, 85.71, 83.32, 108.72, 82.98, 114.5, 22.03, 33.7, 26.39, 26.3]",6,0
New Zealand,bat,New Zealand,Sri Lanka,New Zealand,Christchurch,"[5, 7, 2, 7, 2, 9, 7, 7, 1, 10, 7]",2.0,"[87.29, 96.37, 85.71, 83.32, 82.98, 108.72, 114.5, 22.03, 24.98, 26.39, 24.38]",3,0
Sri Lanka,bat,Sri Lanka,England,Sri Lanka,Colombo (RPS),"[5, 7, 2, 7, 7, 2, 9, 7, 1, 10, 10]",3.0,"[79.56, 86.23, 78.86, 78.96, 82.9, 72.27, 118.96, 32.8, 33.92, 35.35, 32.66]",0,87
Sri Lanka,bat,Sri Lanka,England,Sri Lanka,Pallekele,"[7, 2, 2, 5, 7, 1, 7, 9, 10, 10, 10]",1.0,"[78.96, 86.23, 78.86, 82.9, 74.24, 32.8, 94.6, 118.96, 72.27, 32.42, 76.38]",0,90
Sri Lanka,bat,Sri Lanka,England,England,Pallekele,"[8, 3, 4, 1, 8, 4, 2, 7, 7, 10, 10]",2.0,"[78.96, 86.23, 78.86, 94.6, 82.9, 74.24, 32.8, 118.96, 72.27, 35.35, 32.42]",5,0
England,field,Sri Lanka,England,Sri Lanka,Colombo (RPS),"[7, 2, 2, 1, 7, 1, 7, 9, 10, 10, 10]",2.0,"[86.23, 92.88, 78.86, 78.96, 82.9, 72.27, 118.96, 32.8, 35.35, 30.5, 21.86]",6,0
England,bat,Sri Lanka,England,England,Hambantota,"[3, 8, 1, 1, 4, 8, 2, 7, 7, 10, 10]",1.0,"[98.16, 95.72, 80.12, 86.77, 77.84, 91.16, 117.11, 95.68, 89.12, 36.08, 29.37]",5,0
Sri Lanka,bat,Sri Lanka,England,Sri Lanka,Colombo (RPS),"[7, 2, 2, 5, 7, 9, 1, 7, 10, 10, 10]",3.0,"[86.23, 92.88, 78.86, 61.9, 82.9, 72.27, 118.96, 32.8, 30.5, 31.91, 21.86]",8,0
England,bat,Sri Lanka,England,Sri Lanka,Colombo (RPS),"[2, 7, 2, 5, 7, 1, 9, 7, 10, 10, 10]",3.0,"[77.13, 98.16, 77.16, 86.77, 91.16, 77.84, 117.11, 89.12, 67.35, 29.37, 18.33]",0,25
England,field,India,Sri Lanka,India,Ranchi,"[1, 1, 4, 1, 4, 5, 7, 9, 10, 10, 10]",3.0,"[86.23, 92.88, 78.86, 78.96, 82.9, 32.8, 72.27, 118.96, 30.5, 31.91, 21.86]",3,0
Sri Lanka,bat,India,Sri Lanka,India,Eden Gardens,"[2, 7, 2, 5, 7, 7, 7, 9, 7, 10, 10]",2.0,"[93.41, 86.23, 74.24, 78.96, 82.9, 72.27, 32.8, 94.6, 21.86, 32.66, 43.55]",0,153
India,bat,India,Sri Lanka,India,Hyderabad,"[2, 7, 2, 5, 7, 7, 7, 9, 10, 10, 10]",3.0,"[78.63, 91.97, 84.0, 93.58, 93.5, 118.0, 93.49, 32.86, 38.2, 33.63, 18.33]",6,0
Sri Lanka,bat,India,Sri Lanka,India,Ahmedabad,"[1, 3, 4, 1, 4, 2, 9, 9, 10, 10, 10]",3.0,"[92.88, 86.23, 78.86, 78.96, 82.9, 87.09, 100.0, 32.8, 94.6, 33.92, 43.55]",6,0
Sri Lanka,bat,India,Sri Lanka,India,Cuttack,"[3, 3, 7, 4, 1, 4, 4, 7, 10, 10, 10]",1.0,"[92.88, 86.23, 78.86, 78.96, 82.9, 94.6, 87.09, 32.8, 33.72, 30.5, 43.55]",0,169
Sri Lanka,field,Sri Lanka,Pakistan,Sri Lanka,Dambulla,"[5, 7, 2, 5, 7, 7, 7, 9, 10, 10, 10]",3.0,"[78.63, 91.35, 93.5, 93.58, 84.0, 73.21, 32.86, 33.2, 33.63, 38.09, 30.98]",7,0
Pakistan,bat,Sri Lanka,Pakistan,Sri Lanka,Hambantota,"[5, 7, 2, 5, 2, 7, 9, 7, 10, 10, 10]",1.0,"[72.08, 113.4, 76.61, 73.75, 74.47, 86.04, 116.66, 117.0, 34.3, 22.72, 30.71]",0,77
Sri Lanka,bat,Sri Lanka,Pakistan,Pakistan,Hambantota,"[1, 2, 7, 2, 8, 4, 7, 10, 10, 10, 10]",2.0,"[75.92, 86.23, 78.86, 78.96, 82.9, 94.6, 87.09, 32.8, 33.92, 28.87, 31.91]",4,0
Pakistan,field,Sri Lanka,South Africa,South Africa,Hambantota,"[2, 7, 2, 1, 5, 7, 7, 10, 10, 10, 10]",3.0,"[75.92, 86.23, 78.86, 78.96, 74.24, 82.9, 32.8, 87.09, 33.92, 31.91, 28.87]",0,82
South Africa,bat,Sri Lanka,South Africa,Sri Lanka,Pallekele,"[1, 2, 7, 2, 8, 4, 7, 7, 10, 10, 10]",2.0,"[88.39, 96.64, 72.89, 101.09, 84.55, 144.55, 71.32, 25.32, 25.95, 30.4, 24.83]",0,87
Sri Lanka,bat,Sri Lanka,South Africa,South Africa,Colombo (RPS),"[3, 1, 4, 1, 4, 8, 2, 10, 7, 10, 10]",3.0,"[92.88, 86.23, 78.86, 72.27, 78.96, 82.9, 87.09, 33.92, 35.35, 21.86, 28.87]",0,75
South Africa,bat,England,Sri Lanka,Sri Lanka,Birmingham,"[7, 2, 2, 5, 7, 1, 7, 10, 10, 10, 10]",1.0,"[88.39, 96.64, 72.89, 101.09, 84.55, 144.55, 71.32, 70.89, 25.95, 25.32, 24.83]",6,0
England,bat,England,Sri Lanka,Sri Lanka,Lord's,"[1, 7, 2, 5, 2, 7, 7, 10, 10, 10, 10]",2.0,"[77.13, 77.16, 71.04, 86.77, 91.16, 77.84, 117.11, 36.08, 67.35, 29.22, 18.33]",0,7
England,field,England,Sri Lanka,England,Manchester,"[1, 7, 2, 5, 7, 7, 2, 10, 10, 10, 10]",3.0,"[86.23, 92.88, 78.86, 78.96, 82.9, 72.27, 87.09, 33.92, 35.35, 21.86, 28.87]",10,0
England,field,England,Sri Lanka,Sri Lanka,Chester-le-Street,"[3, 1, 4, 4, 1, 8, 2, 10, 7, 10, 10]",1.0,"[72.27, 86.23, 78.86, 78.96, 74.24, 82.9, 87.09, 33.92, 35.35, 31.91, 28.87]",0,157
England,field,England,Sri Lanka,England,The Oval,"[2, 5, 1, 2, 7, 4, 7, 10, 10, 10, 10]",3.0,"[72.27, 86.23, 78.86, 78.96, 82.9, 87.09, 74.24, 33.92, 35.35, 30.5, 28.87]",0,81
Sri Lanka,field,Ireland,Sri Lanka,Sri Lanka,Dublin,"[3, 3, 7, 4, 1, 4, 7, 10, 10, 10, 10]",2.0,"[77.13, 77.16, 71.04, 91.16, 86.77, 77.84, 117.11, 36.08, 67.35, 29.22, 18.33]",0,79
Ireland,field,Pakistan,Sri Lanka,Sri Lanka,Mirpur,"[2, 3, 4, 2, 7, 7, 7, 7, 10, 10, 10]",1.0,"[92.88, 75.92, 72.27, 74.24, 82.9, 83.33, 87.09, 33.92, 35.35, 21.86, 32.42]",5,0
Pakistan,bat,Bangladesh,Sri Lanka,Sri Lanka,Mirpur,"[2, 1, 2, 5, 2, 7, 7, 9, 10, 10, 10]",2.0,"[113.4, 72.08, 76.61, 73.75, 74.47, 86.04, 117.0, 36.5, 29.34, 22.72, 29.23]",3,0
Bangladesh,bat,Afghanistan,Sri Lanka,Sri Lanka,Mirpur,"[1, 3, 1, 1, 4, 2, 7, 7, 9, 10, 10]",3.0,"[74.77, 76.0, 74.36, 79.74, 82.84, 79.81, 76.92, 112.72, 19.16, 34.31, 27.63]",0,129
Sri Lanka,bat,India,Sri Lanka,Sri Lanka,Fatullah,"[2, 1, 2, 5, 7, 9, 7, 2, 10, 10, 10]",2.0,"[92.88, 72.27, 78.86, 78.96, 74.24, 82.9, 100.0, 32.8, 28.87, 21.86, 32.42]",2,0
Sri Lanka,field,Pakistan,Sri Lanka,Sri Lanka,Fatullah,"[2, 3, 4, 2, 7, 7, 7, 10, 10, 10, 10]",1.0,"[91.97, 91.35, 93.58, 78.63, 84.0, 73.24, 85.06, 93.49, 33.2, 35.11, 23.68]",0,12
Sri Lanka,bat,Bangladesh,Sri Lanka,Sri Lanka,Mirpur,"[2, 7, 2, 2, 7, 7, 9, 4, 10, 10, 10]",1.0,"[92.88, 72.27, 78.86, 78.96, 82.9, 32.8, 100.0, 74.24, 35.35, 28.87, 32.42]",6,0
Sri Lanka,field,Bangladesh,Sri Lanka,Sri Lanka,Mirpur,"[2, 7, 2, 2, 7, 7, 4, 10, 9, 10, 10]",2.0,"[74.77, 76.0, 74.36, 79.74, 66.19, 79.81, 76.92, 32.81, 36.12, 19.16, 34.31]",0,61
Sri Lanka,bat,Bangladesh,Sri Lanka,Sri Lanka,Mirpur,"[3, 3, 7, 4, 4, 4, 10, 10, 10, 10, 10]",3.0,"[92.88, 86.23, 78.86, 74.24, 87.09, 82.9, 32.8, 83.33, 35.35, 28.87, 21.86]",0,13
Bangladesh,field,Pakistan,Sri Lanka,Sri Lanka,Abu Dhabi,"[2, 7, 2, 2, 7, 7, 10, 4, 10, 10, 10]",2.0,"[92.88, 86.23, 78.86, 74.24, 87.09, 82.9, 83.33, 33.92, 32.8, 35.35, 28.87]",2,0
Pakistan,bat,Pakistan,Sri Lanka,Pakistan,Abu Dhabi,"[3, 3, 7, 4, 4, 7, 4, 10, 10, 10, 10]",1.0,"[113.4, 72.08, 76.61, 116.66, 73.75, 86.04, 36.7, 38.06, 29.34, 22.72, 29.23]",8,0
Sri Lanka,bat,Pakistan,Sri Lanka,Pakistan,Sharjah,"[3, 3, 7, 4, 4, 7, 4, 10, 10, 10, 10]",3.0,"[92.88, 86.23, 78.86, 74.24, 87.09, 82.9, 33.92, 83.33, 35.35, 32.42, 28.87]",0,113
Sri Lanka,field,Pakistan,Sri Lanka,Sri Lanka,Dubai (DSC),"[3, 3, 7, 4, 7, 4, 10, 4, 10, 10, 10]",3.0,"[113.4, 72.08, 76.61, 116.66, 73.75, 117.0, 86.04, 73.16, 22.72, 29.23, 29.34]",2,0
Sri Lanka,field,Pakistan,Sri Lanka,Pakistan,Sharjah,"[5, 7, 2, 1, 7, 2, 9, 10, 10, 10, 10]",3.0,"[113.4, 72.08, 76.61, 116.66, 73.75, 117.0, 86.04, 73.16, 36.14, 22.72, 29.23]",0,11
Pakistan,bat,Sri Lanka,New Zealand,Sri Lanka,Dambulla,"[3, 7, 2, 5, 2, 7, 1, 10, 10, 10, 10]",2.0,"[113.4, 72.08, 76.61, 116.66, 117.0, 86.04, 73.16, 73.75, 36.14, 22.72, 29.23]",0,36
New Zealand,field,Sri Lanka,New Zealand,New Zealand,Hambantota,"[3, 7, 2, 5, 7, 1, 2, 10, 10, 10, 10]",2.0,"[78.96, 86.23, 78.86, 72.27, 82.9, 74.24, 32.8, 33.92, 35.35, 31.91, 28.87]",4,0
Sri Lanka,bat,Sri Lanka,New Zealand,no result,Hambantota,"[7, 2, 1, 2, 7, 9, 2, 7, 10, 10, 10]",3.0,"[79.56, 86.23, 78.86, 78.96, 74.24, 82.9, 72.27, 33.92, 35.35, 31.91, 28.87]",0,0
New Zealand,field,Sri Lanka,South Africa,Sri Lanka,Colombo (RPS),"[1, 2, 8, 2, 4, 4, 8, 10, 10, 10, 10]",2.0,"[79.56, 86.23, 78.86, 78.96, 82.9, 72.27, 74.24, 33.92, 28.87, 35.35, 31.91]",0,128
Sri Lanka,bat,Sri Lanka,South Africa,Sri Lanka,Pallekele,"[5, 2, 8, 2, 4, 8, 4, 10, 7, 10, 10]",3.0,"[86.23, 92.88, 72.27, 78.86, 82.9, 32.8, 74.24, 90.76, 35.35, 32.42, 21.86]",8,0
South Africa,bat,Sri Lanka,South Africa,South Africa,Pallekele,"[5, 7, 2, 5, 1, 2, 7, 9, 10, 10, 10]",3.0,"[88.39, 96.64, 84.55, 101.09, 88.6, 144.55, 128.21, 35.73, 37.33, 25.32, 24.96]",0,56
South Africa,bat,Sri Lanka,South Africa,Sri Lanka,Colombo (RPS),"[5, 7, 2, 5, 1, 9, 2, 7, 10, 10, 10]",3.0,"[82.62, 96.64, 84.55, 101.09, 88.6, 128.21, 144.55, 35.73, 71.32, 25.32, 24.96]",0,17
Sri Lanka,bat,Sri Lanka,South Africa,Sri Lanka,Colombo (RPS),"[5, 5, 2, 1, 7, 2, 2, 10, 10, 10, 10]",3.0,"[75.92, 86.23, 78.86, 78.96, 72.27, 74.24, 63.13, 32.8, 31.91, 32.66, 28.87]",0,180
South Africa,field,India,Sri Lanka,India,Port of Spain,"[1, 3, 1, 2, 4, 3, 7, 9, 10, 10, 10]",1.0,"[75.92, 86.23, 78.86, 78.96, 72.27, 32.8, 74.24, 63.13, 31.91, 32.66, 28.87]",0,0
India,field,India,Sri Lanka,India,Port of Spain,"[5, 5, 2, 2, 1, 7, 7, 10, 10, 10, 10]",1.0,"[75.92, 78.96, 78.86, 72.27, 82.9, 92.88, 74.24, 31.91, 32.66, 28.87, 32.42]",0,81
Sri Lanka,field,West Indies,Sri Lanka,Sri Lanka,Port of Spain,"[5, 5, 7, 2, 2, 2, 1, 10, 10, 10, 10]",1.0,"[91.97, 91.35, 93.58, 73.24, 93.5, 66.99, 85.06, 33.2, 35.11, 30.98, 33.63]",0,39
West Indies,field,India,Sri Lanka,Sri Lanka,Kingston,"[5, 5, 2, 2, 7, 1, 10, 7, 10, 10, 10]",1.0,"[75.92, 78.96, 78.86, 74.24, 72.27, 82.9, 118.96, 33.92, 35.35, 28.87, 32.66]",0,161
India,field,West Indies,Sri Lanka,West Indies,Kingston,"[2, 7, 2, 1, 5, 7, 7, 9, 10, 10, 10]",2.0,"[75.92, 78.96, 82.9, 92.88, 78.86, 74.24, 72.27, 33.92, 35.35, 31.91, 28.87]",6,0
West Indies,field,India,Sri Lanka,India,Cardiff,"[2, 7, 2, 1, 5, 7, 2, 10, 10, 10, 10]",4.0,"[75.92, 78.96, 78.86, 74.24, 82.9, 72.27, 33.92, 118.96, 31.91, 28.87, 21.86]",8,0
India,field,Australia,Sri Lanka,Sri Lanka,The Oval,"[3, 1, 1, 1, 4, 2, 8, 7, 10, 10, 10]",2.0,"[92.88, 86.23, 78.86, 72.27, 78.96, 82.9, 118.96, 32.8, 33.92, 28.87, 31.91]",0,20
Australia,field,England,Sri Lanka,Sri Lanka,The Oval,"[2, 7, 2, 5, 2, 7, 1, 9, 10, 10, 10]",5.0,"[92.88, 86.23, 78.86, 72.27, 78.96, 82.9, 74.24, 33.92, 31.91, 28.87, 32.66]",7,0
Sri Lanka,field,New Zealand,Sri Lanka,New Zealand,Cardiff,"[2, 7, 2, 9, 7, 7, 2, 1, 10, 10, 10]",3.0,"[77.13, 77.16, 77.06, 86.77, 91.16, 117.11, 77.84, 90.25, 30.13, 27.76, 29.22]",0,0
Sri Lanka,bat,Sri Lanka,Bangladesh,Bangladesh,Pallekele,"[2, 7, 2, 2, 1, 7, 7, 9, 10, 10, 10]",5.0,"[92.88, 86.23, 78.86, 78.96, 74.24, 82.9, 72.27, 32.8, 31.91, 32.66, 28.87]",3,0
Sri Lanka,bat,Sri Lanka,Bangladesh,no result,Hambantota,"[3, 2, 4, 2, 7, 7, 7, 10, 10, 10, 10]",2.0,"[92.88, 86.23, 78.86, 32.8, 82.9, 118.96, 74.24, 72.27, 33.92, 35.35, 28.87]",0,0
Sri Lanka,field,Sri Lanka,Bangladesh,Sri Lanka,Hambantota,"[2, 3, 3, 1, 7, 8, 7, 10, 10, 10, 10]",5.0,"[92.88, 86.23, 78.86, 74.24, 72.27, 82.9, 118.96, 32.8, 33.92, 35.35, 28.87]",8,0
Sri Lanka,field,Australia,Sri Lanka,Australia,Hobart,"[3, 3, 4, 7, 1, 2, 7, 10, 10, 10, 10]",3.0,"[78.52, 74.77, 70.1, 79.74, 76.92, 79.81, 112.72, 32.81, 62.1, 29.29, 34.31]",0,32
Sri Lanka,field,Australia,Sri Lanka,no result,Sydney,"[3, 3, 4, 7, 1, 2, 7, 10, 10, 10, 10]",5.0,"[81.59, 97.26, 75.09, 83.51, 121.34, 126.91, 60.93, 25.26, 22.96, 24.37, 40.43]",0,0
Australia,bat,Australia,Sri Lanka,Sri Lanka,Brisbane,"[1, 3, 1, 7, 4, 8, 2, 7, 10, 10, 10]",2.0,"[97.26, 75.09, 78.98, 121.34, 83.51, 81.59, 60.93, 25.26, 22.96, 24.37, 40.43]",4,0
Australia,bat,Australia,Sri Lanka,Sri Lanka,Adelaide,"[1, 3, 1, 1, 7, 8, 2, 10, 10, 10, 10]",5.0,"[97.26, 75.09, 78.98, 121.34, 83.51, 81.59, 60.93, 25.26, 22.96, 24.37, 40.43]",8,0
Sri Lanka,field,Australia,Sri Lanka,Australia,Melbourne,"[5, 2, 1, 7, 2, 5, 7, 9, 10, 7, 10]",1.0,"[87.73, 75.09, 83.51, 121.34, 87.41, 126.91, 84.24, 148.14, 23.53, 24.37, 40.43]",0,107
Australia,bat,Sri Lanka,New Zealand,no result,Hambantota,"[3, 2, 2, 4, 1, 7, 10, 7, 10, 10, 10]",4.0,"[87.73, 75.09, 84.09, 83.51, 121.34, 126.91, 84.24, 25.26, 22.96, 24.37, 40.43]",0,0
Sri Lanka,field,Sri Lanka,New Zealand,Sri Lanka,Hambantota,"[3, 2, 2, 4, 7, 7, 1, 10, 10, 10, 10]",2.0,"[75.92, 74.24, 72.27, 82.9, 78.86, 78.96, 118.96, 32.8, 32.66, 69.78, 28.87]",7,0
Sri Lanka,field,Sri Lanka,New Zealand,Sri Lanka,Pallekele,"[3, 2, 2, 4, 7, 10, 7, 1, 10, 10, 10]",5.0,"[75.51, 68.37, 96.37, 83.32, 81.38, 76.92, 22.03, 119.04, 33.7, 24.98, 24.38]",7,0
Sri Lanka,field,Sri Lanka,New Zealand,Sri Lanka,Pallekele,"[1, 1, 1, 1, 5, 4, 2, 7, 9, 10, 10]",2.0,"[75.51, 68.37, 96.37, 83.32, 86.61, 76.92, 81.38, 22.03, 27.02, 33.7, 24.38]",0,14
New Zealand,bat,Sri Lanka,India,India,Pallekele,"[5, 7, 1, 2, 5, 7, 7, 9, 10, 10, 10]",4.0,"[75.51, 85.71, 68.37, 83.32, 76.92, 22.03, 119.04, 81.38, 27.02, 33.7, 24.38]",0,20
India,bat,Sri Lanka,India,India,Colombo (RPS),"[5, 7, 2, 2, 5, 7, 7, 9, 10, 7, 10]",2.0,"[85.25, 78.63, 93.58, 91.97, 88.23, 93.5, 87.56, 79.54, 33.2, 29.43, 14.41]",6,0
Sri Lanka,bat,Sri Lanka,India,India,Colombo (RPS),"[1, 1, 1, 1, 4, 2, 7, 9, 10, 10, 10]",5.0,"[75.92, 86.23, 72.27, 74.24, 78.96, 82.9, 118.96, 32.8, 31.91, 28.87, 37.12]",5,0
Sri Lanka,bat,Sri Lanka,India,Sri Lanka,Hambantota,"[1, 1, 1, 1, 4, 2, 7, 9, 10, 10, 10]",1.0,"[75.92, 86.23, 78.86, 74.24, 78.96, 82.9, 118.96, 32.8, 31.91, 137.63, 28.87]",9,0
India,bat,Sri Lanka,India,India,Hambantota,"[1, 7, 1, 4, 4, 4, 7, 10, 10, 2, 10]",5.0,"[85.25, 104.33, 93.58, 91.97, 93.5, 87.56, 79.54, 33.2, 29.43, 31.04, 33.63]",0,21
India,bat,Sri Lanka,Pakistan,Sri Lanka,Colombo (RPS),"[5, 7, 2, 2, 5, 9, 7, 1, 10, 10, 10]",2.0,"[85.25, 104.33, 93.58, 91.97, 93.5, 87.56, 79.54, 33.2, 29.43, 33.63, 31.04]",2,0
Pakistan,bat,Sri Lanka,Pakistan,Sri Lanka,Colombo (RPS),"[7, 1, 4, 4, 4, 4, 7, 2, 10, 10, 10]",4.0,"[69.06, 76.61, 74.45, 67.5, 73.75, 86.04, 117.0, 36.14, 29.34, 87.85, 29.47]",0,44
Sri Lanka,bat,Sri Lanka,Pakistan,no result,Colombo (RPS),"[5, 7, 2, 2, 5, 9, 1, 7, 10, 10, 10]",3.0,"[75.92, 86.23, 78.86, 74.24, 78.96, 32.8, 82.9, 72.27, 33.92, 28.87, 22.01]",0,0
Sri Lanka,field,Sri Lanka,Pakistan,Sri Lanka,Pallekele,"[5, 7, 2, 2, 5, 7, 1, 9, 10, 10, 10]",4.0,"[76.61, 74.45, 67.5, 73.75, 75.29, 86.04, 117.0, 87.85, 29.34, 22.72, 36.14]",0,76
Sri Lanka,bat,Sri Lanka,Pakistan,Pakistan,Pallekele,"[5, 7, 2, 4, 1, 5, 7, 10, 10, 10, 10]",3.0,"[75.92, 86.23, 78.86, 74.24, 78.96, 32.8, 72.27, 82.9, 31.91, 33.92, 28.87]",6,0
Sri Lanka,bat,Bangladesh,Sri Lanka,Bangladesh,Mirpur,"[5, 7, 2, 2, 1, 5, 7, 10, 7, 10, 10]",5.0,"[78.96, 86.23, 78.86, 74.24, 75.92, 82.9, 72.27, 32.8, 33.92, 31.91, 28.87]",5,0
Bangladesh,field,Pakistan,Sri Lanka,Pakistan,Mirpur,"[1, 1, 1, 2, 4, 1, 7, 7, 9, 10, 10]",2.0,"[78.96, 86.23, 78.86, 72.04, 72.27, 75.92, 86.01, 33.92, 35.35, 28.87, 32.42]",6,0
Sri Lanka,bat,India,Sri Lanka,India,Mirpur,"[2, 3, 7, 4, 7, 4, 7, 10, 10, 10, 10]",5.0,"[78.96, 86.23, 78.86, 74.24, 72.27, 75.92, 86.01, 33.92, 94.6, 28.87, 32.42]",0,50
Sri Lanka,field,Australia,Sri Lanka,Australia,Adelaide,"[2, 3, 7, 4, 4, 7, 7, 10, 10, 10, 10]",3.0,"[85.25, 86.23, 93.58, 87.56, 93.5, 91.97, 85.06, 79.54, 33.2, 36.02, 37.44]",0,16
Sri Lanka,field,Australia,Sri Lanka,Sri Lanka,Adelaide,"[3, 2, 7, 7, 7, 4, 4, 10, 10, 10, 10]",5.0,"[81.59, 97.26, 90.44, 87.16, 121.34, 43.68, 126.88, 23.36, 24.37, 40.43, 46.0]",8,0
Australia,bat,Australia,Sri Lanka,Australia,Brisbane,"[5, 7, 2, 2, 1, 7, 9, 10, 10, 10, 10]",1.0,"[81.59, 97.26, 90.44, 78.98, 87.16, 121.34, 126.88, 23.36, 42.56, 40.43, 24.37]",0,15
Australia,bat,Australia,Sri Lanka,Sri Lanka,Melbourne,"[5, 7, 2, 9, 7, 2, 1, 7, 10, 10, 10]",5.0,"[97.26, 81.59, 90.44, 126.88, 121.34, 78.98, 87.16, 23.36, 42.56, 40.43, 37.06]",0,9
Sri Lanka,bat,India,Sri Lanka,India,Hobart,"[2, 3, 4, 4, 4, 7, 7, 10, 10, 10, 10]",2.0,"[78.96, 86.23, 78.86, 74.24, 72.27, 82.9, 32.8, 35.35, 33.92, 31.91, 28.87]",7,0
India,field,Australia,Sri Lanka,Sri Lanka,Hobart,"[5, 7, 2, 2, 1, 7, 9, 7, 10, 10, 10]",4.0,"[78.96, 86.23, 78.86, 32.8, 82.9, 74.24, 72.27, 86.01, 33.92, 28.87, 31.91]",3,0
Australia,bat,India,Sri Lanka,Sri Lanka,Brisbane,"[3, 2, 1, 4, 4, 7, 7, 10, 10, 10, 10]",2.0,"[81.59, 97.26, 43.68, 78.98, 87.16, 121.34, 126.88, 23.36, 18.9, 40.43, 37.06]",0,51
Sri Lanka,bat,Australia,Sri Lanka,Sri Lanka,Sydney,"[5, 7, 2, 2, 5, 7, 9, 10, 10, 10, 10]",5.0,"[78.96, 86.23, 78.86, 74.24, 72.27, 82.9, 32.8, 86.01, 33.92, 28.87, 31.91]",8,0
Australia,bat,India,Sri Lanka,tied,Adelaide,"[3, 2, 1, 4, 4, 7, 7, 10, 10, 10, 10]",3.0,"[97.26, 81.59, 80.39, 43.68, 87.16, 121.34, 126.88, 24.37, 23.36, 22.96, 40.43]",0,0
Sri Lanka,bat,Australia,Sri Lanka,Australia,Perth,"[5, 7, 2, 2, 5, 9, 7, 1, 10, 10, 10]",4.0,"[75.92, 86.23, 78.86, 74.24, 78.96, 82.9, 32.8, 33.92, 35.35, 28.87, 31.91]",0,5
Sri Lanka,field,India,Sri Lanka,India,Perth,"[3, 5, 4, 2, 9, 8, 1, 10, 10, 10, 10]",1.0,"[97.26, 81.59, 80.39, 78.98, 87.16, 121.34, 126.88, 18.9, 24.37, 22.96, 40.43]",4,0
Sri Lanka,bat,South Africa,Sri Lanka,Sri Lanka,Johannesburg,"[5, 3, 2, 1, 8, 4, 10, 10, 7, 10, 10]",4.0,"[75.92, 86.23, 78.86, 74.24, 78.96, 32.8, 82.9, 72.27, 33.92, 28.87, 30.5]",2,0
Sri Lanka,field,South Africa,Sri Lanka,Sri Lanka,Kimberley,"[5, 7, 2, 2, 5, 10, 7, 7, 10, 10, 10]",3.0,"[80.81, 82.62, 88.6, 101.09, 37.98, 84.55, 129.62, 30.4, 35.73, 25.32, 24.96]",5,0
South Africa,bat,South Africa,Sri Lanka,South Africa,Bloemfontein,"[5, 7, 2, 2, 5, 10, 7, 7, 10, 10, 10]",4.0,"[82.62, 80.81, 101.09, 129.62, 84.55, 88.6, 30.4, 35.73, 70.89, 25.32, 24.96]",0,4
Sri Lanka,bat,South Africa,Sri Lanka,South Africa,East London,"[1, 3, 7, 2, 9, 8, 4, 10, 10, 10, 10]",2.0,"[75.92, 86.23, 78.86, 74.24, 78.96, 33.92, 82.9, 52.77, 28.87, 31.91, 30.5]",5,0
South Africa,field,South Africa,Sri Lanka,South Africa,Paarl,"[5, 7, 2, 2, 5, 7, 7, 9, 7, 10, 10]",5.0,"[75.92, 86.23, 78.86, 74.24, 78.96, 33.92, 82.9, 52.77, 28.87, 31.91, 30.5]",0,258
South Africa,bat,Pakistan,Sri Lanka,Pakistan,Abu Dhabi,"[7, 1, 4, 4, 7, 4, 7, 2, 10, 10, 10]",3.0,"[88.39, 80.81, 72.89, 101.09, 37.98, 84.55, 88.6, 35.73, 25.95, 25.32, 24.96]",3,0
Sri Lanka,bat,Pakistan,Sri Lanka,Pakistan,Sharjah,"[7, 1, 7, 4, 4, 4, 7, 2, 10, 10, 10]",4.0,"[75.92, 86.23, 74.24, 78.86, 70.4, 82.9, 118.96, 32.8, 94.6, 28.87, 30.2]",0,26
Pakistan,bat,Pakistan,Sri Lanka,Pakistan,Dubai (DSC),"[5, 7, 2, 2, 5, 7, 7, 9, 10, 7, 10]",2.0,"[76.61, 69.06, 75.29, 73.75, 81.9, 86.04, 117.0, 87.85, 22.72, 29.34, 25.78]",0,21
Pakistan,bat,Pakistan,Sri Lanka,Sri Lanka,Dubai (DSC),"[5, 7, 2, 2, 5, 7, 7, 7, 10, 10, 10]",4.0,"[76.61, 69.06, 81.25, 75.29, 86.04, 73.75, 117.0, 87.85, 36.14, 29.34, 22.72]",0,25
Sri Lanka,bat,Pakistan,Sri Lanka,Pakistan,Dubai (DSC),"[7, 1, 1, 4, 4, 7, 2, 10, 7, 10, 10]",1.0,"[75.92, 86.23, 78.86, 74.24, 78.96, 82.9, 118.96, 32.8, 28.87, 94.6, 30.2]",8,0
Sri Lanka,bat,Sri Lanka,Australia,Sri Lanka,Colombo (RPS),"[5, 7, 2, 5, 5, 7, 10, 10, 7, 10, 10]",4.0,"[75.92, 86.23, 78.86, 74.24, 78.96, 82.9, 52.77, 94.6, 28.87, 32.42, 30.2]",4,0
Sri Lanka,field,Sri Lanka,Australia,Australia,Colombo (RPS),"[5, 7, 2, 2, 5, 5, 7, 10, 10, 10, 10]",2.0,"[90.44, 81.41, 80.39, 78.98, 87.16, 121.34, 84.24, 25.26, 99.26, 40.43, 42.56]",5,0
Sri Lanka,bat,Sri Lanka,Australia,Sri Lanka,Hambantota,"[5, 7, 2, 5, 2, 7, 7, 10, 10, 10, 10]",4.0,"[75.92, 86.23, 78.86, 78.96, 70.4, 82.9, 33.92, 32.66, 94.6, 28.87, 21.86]",0,78
Australia,field,Sri Lanka,Australia,Australia,Hambantota,"[5, 7, 2, 5, 2, 7, 7, 10, 10, 10, 10]",3.0,"[75.92, 86.23, 78.86, 74.24, 78.96, 70.4, 118.96, 33.92, 32.66, 28.87, 21.86]",8,0
Sri Lanka,bat,Sri Lanka,Australia,Australia,Pallekele,"[5, 3, 7, 1, 2, 7, 7, 9, 10, 10, 10]",4.0,"[75.92, 86.23, 78.86, 78.96, 74.24, 82.9, 118.96, 33.92, 28.87, 31.91, 21.86]",7,0
Sri Lanka,bat,Scotland,Sri Lanka,Sri Lanka,Edinburgh,"[3, 3, 1, 1, 4, 1, 7, 7, 10, 10, 10]",3.0,"[75.92, 86.23, 78.86, 78.96, 74.24, 82.9, 118.96, 33.72, 33.92, 21.86, 32.42]",0,183
Scotland,field,England,Sri Lanka,England,Manchester,"[5, 7, 2, 2, 1, 10, 7, 7, 10, 10, 10]",4.0,"[78.96, 79.56, 86.23, 61.9, 74.24, 82.9, 118.96, 32.8, 28.87, 30.5, 21.86]",0,16
England,bat,England,Sri Lanka,England,Nottingham,"[3, 3, 1, 1, 4, 1, 7, 10, 10, 10, 10]",1.0,"[111.91, 77.13, 77.06, 86.58, 91.16, 77.16, 93.23, 90.25, 27.76, 29.22, 26.59]",10,0
England,field,England,Sri Lanka,Sri Lanka,Lord's,"[5, 7, 2, 2, 7, 10, 7, 1, 10, 10, 10]",4.0,"[78.96, 86.23, 74.24, 78.86, 61.9, 33.72, 82.9, 118.96, 33.92, 28.87, 32.42]",6,0
England,bat,England,Sri Lanka,Sri Lanka,Leeds,"[3, 3, 1, 1, 4, 1, 7, 10, 10, 10, 10]",2.0,"[77.13, 111.91, 77.06, 86.58, 91.16, 77.16, 90.25, 30.13, 27.76, 29.22, 26.59]",0,69
England,field,England,Sri Lanka,England,The Oval,"[5, 7, 2, 5, 5, 4, 10, 9, 10, 10, 10]",4.0,"[78.96, 86.23, 74.24, 78.86, 82.9, 33.92, 118.96, 61.9, 32.42, 33.72, 28.87]",0,110
Sri Lanka,field,India,Sri Lanka,India,Wankhede,"[3, 2, 7, 4, 7, 1, 10, 7, 7, 10, 10]",1.0,"[77.13, 111.91, 77.06, 86.58, 91.16, 77.16, 90.25, 30.13, 27.76, 26.59, 29.22]",6,0
Sri Lanka,bat,Sri Lanka,New Zealand,Sri Lanka,Colombo (RPS),"[3, 1, 1, 8, 4, 10, 2, 1, 7, 7, 10]",4.0,"[75.92, 86.23, 78.86, 78.96, 69.29, 72.04, 33.92, 32.8, 28.87, 33.72, 23.08]",5,0
New Zealand,bat,Sri Lanka,England,Sri Lanka,Colombo (RPS),"[5, 7, 2, 5, 7, 5, 5, 10, 10, 10, 10]",1.0,"[87.29, 96.37, 95.31, 83.32, 79.41, 81.38, 22.03, 86.61, 82.98, 33.7, 29.62]",10,0
England,bat,New Zealand,Sri Lanka,Sri Lanka,Wankhede,"[5, 7, 9, 5, 2, 7, 5, 5, 10, 10, 10]",4.0,"[80.94, 77.16, 77.06, 77.84, 91.16, 27.76, 76.76, 137.0, 90.25, 67.35, 47.0]",0,112
Sri Lanka,bat,Sri Lanka,Zimbabwe,Sri Lanka,Pallekele,"[5, 7, 2, 5, 5, 5, 7, 10, 10, 10, 10]",1.0,"[75.92, 86.23, 78.86, 78.96, 82.9, 69.29, 70.4, 33.92, 28.87, 23.08, 21.86]",0,139
Zimbabwe,field,Sri Lanka,Australia,no result,Colombo (RPS),"[2, 3, 7, 1, 7, 4, 10, 10, 10, 10, 10]",5.0,"[75.92, 86.23, 32.8, 78.96, 78.86, 82.9, 70.4, 69.29, 33.92, 28.87, 23.08]",0,0
Sri Lanka,field,Sri Lanka,Kenya,Sri Lanka,Colombo (RPS),"[3, 7, 2, 4, 4, 4, 7, 7, 10, 10, 10]",3.0,"[75.92, 86.23, 78.86, 78.96, 69.29, 70.4, 82.9, 31.91, 28.87, 23.08, 21.86]",9,0
Kenya,bat,Sri Lanka,Pakistan,Pakistan,Colombo (RPS),"[5, 7, 2, 5, 9, 7, 4, 5, 10, 10, 10]",5.0,"[79.37, 48.49, 119.31, 94.73, 122.77, 86.31, 16.3, 27.73, 35.4, 17.23, 23.44]",0,11
Pakistan,bat,Sri Lanka,Canada,Sri Lanka,Hambantota,"[5, 7, 2, 5, 4, 5, 9, 7, 10, 10, 10]",2.0,"[72.08, 76.61, 83.94, 75.29, 73.75, 86.04, 117.0, 81.25, 29.34, 38.06, 24.97]",0,210
Sri Lanka,bat,Sri Lanka,West Indies,Sri Lanka,Colombo (SSC),"[7, 3, 1, 5, 7, 8, 6, 7, 10, 10, 10]",4.0,"[75.92, 86.23, 78.86, 78.96, 32.8, 82.9, 72.04, 69.29, 33.92, 23.08, 21.86]",0,26
West Indies,field,Sri Lanka,West Indies,Sri Lanka,Colombo (SSC),"[7, 3, 1, 5, 8, 5, 7, 6, 10, 10, 10]",3.0,"[75.92, 86.23, 78.86, 78.96, 72.04, 69.29, 32.8, 82.9, 31.91, 21.86, 30.2]",8,0
Sri Lanka,field,Sri Lanka,West Indies,no result,Colombo (SSC),"[5, 7, 2, 5, 5, 7, 7, 10, 9, 10, 10]",4.0,"[87.19, 64.37, 70.11, 75.74, 82.3, 135.14, 67.03, 100.05, 36.88, 29.35, 31.08]",0,0
Sri Lanka,field,Australia,Sri Lanka,Australia,Brisbane,"[5, 7, 5, 2, 7, 5, 9, 10, 10, 10, 10]",2.0,"[87.19, 64.37, 70.11, 75.74, 135.14, 70.74, 100.05, 67.03, 36.88, 31.08, 29.35]",8,0
Sri Lanka,bat,Australia,Sri Lanka,Sri Lanka,Sydney,"[7, 2, 4, 4, 4, 1, 4, 10, 7, 10, 10]",4.0,"[75.92, 86.23, 78.86, 78.96, 70.4, 82.9, 118.96, 33.72, 32.8, 28.87, 30.2]",0,29
Sri Lanka,bat,Australia,Sri Lanka,Sri Lanka,Melbourne,"[5, 7, 5, 2, 4, 7, 5, 9, 10, 10, 10]",3.0,"[75.92, 86.23, 78.96, 78.86, 82.9, 70.4, 32.8, 33.72, 33.92, 23.08, 28.87]",0,0
Australia,bat,Sri Lanka,India,Sri Lanka,Dambulla,"[2, 1, 1, 4, 4, 2, 7, 10, 10, 10, 10]",4.0,"[90.44, 84.24, 78.98, 87.16, 80.12, 81.41, 87.41, 25.26, 99.26, 40.43, 43.7]",0,74
Sri Lanka,bat,Sri Lanka,India,Sri Lanka,Dambulla,"[5, 7, 2, 5, 5, 4, 7, 10, 10, 10, 10]",1.0,"[78.96, 86.23, 75.92, 78.86, 72.04, 82.9, 70.4, 32.8, 33.72, 33.92, 28.87]",8,0
India,bat,Sri Lanka,New Zealand,no result,Dambulla,"[5, 7, 2, 5, 5, 7, 4, 10, 10, 10, 10]",5.0,"[73.24, 104.33, 91.97, 87.67, 93.5, 87.56, 85.06, 36.02, 31.72, 30.98, 31.04]",0,0
Sri Lanka,field,Sri Lanka,India,India,Dambulla,"[2, 3, 4, 1, 7, 2, 10, 10, 10, 10, 10]",1.0,"[75.92, 86.23, 78.86, 78.96, 70.4, 72.04, 82.9, 21.86, 31.91, 33.92, 28.87]",6,0
Sri Lanka,bat,Sri Lanka,New Zealand,Sri Lanka,Dambulla,"[1, 2, 1, 2, 1, 4, 7, 10, 10, 10, 10]",4.0,"[75.92, 86.23, 78.86, 78.96, 69.29, 82.9, 72.04, 33.72, 33.92, 28.87, 30.2]",3,0
New Zealand,bat,Sri Lanka,India,India,Dambulla,"[1, 2, 1, 1, 4, 2, 7, 10, 10, 10, 10]",1.0,"[68.37, 87.29, 83.32, 81.38, 79.41, 75.88, 22.03, 32.12, 27.02, 33.7, 29.62]",0,81
India,bat,Sri Lanka,India,Sri Lanka,Dambulla,"[5, 7, 2, 5, 7, 4, 5, 10, 10, 10, 10]",4.0,"[85.25, 73.24, 93.58, 87.56, 91.97, 93.5, 85.06, 33.35, 36.02, 29.43, 31.72]",7,0
Sri Lanka,field,Sri Lanka,Bangladesh,Sri Lanka,Dambulla,"[5, 7, 2, 5, 5, 7, 4, 7, 10, 10, 10]",1.0,"[85.25, 73.24, 93.58, 91.97, 93.5, 87.56, 85.06, 36.02, 29.43, 14.41, 31.04]",0,126
Sri Lanka,bat,Sri Lanka,Pakistan,Sri Lanka,Dambulla,"[1, 2, 2, 4, 7, 7, 1, 10, 10, 10, 10]",5.0,"[75.92, 86.23, 78.86, 78.96, 82.9, 72.04, 69.29, 33.92, 23.08, 28.87, 28.86]",0,16
Sri Lanka,bat,Zimbabwe,Sri Lanka,Sri Lanka,Harare,"[5, 7, 2, 4, 5, 7, 1, 9, 10, 10, 10]",2.0,"[75.92, 86.23, 78.86, 78.96, 69.29, 82.9, 72.04, 86.01, 33.92, 28.87, 23.08]",9,0
Sri Lanka,field,Zimbabwe,Sri Lanka,Zimbabwe,Harare,"[2, 2, 1, 7, 1, 4, 7, 9, 10, 10, 10]",5.0,"[73.21, 76.64, 67.58, 76.08, 51.7, 80.02, 88.68, 30.22, 46.9, 35.75, 38.5]",8,0
Zimbabwe,field,India,Sri Lanka,Sri Lanka,Harare,"[1, 2, 7, 4, 1, 7, 7, 10, 10, 10, 10]",2.0,"[75.92, 86.23, 74.24, 72.04, 69.29, 118.96, 72.27, 32.8, 33.72, 27.86, 30.2]",6,0
Sri Lanka,field,Zimbabwe,Sri Lanka,Sri Lanka,Bulawayo,"[5, 7, 5, 7, 4, 5, 9, 10, 10, 10, 10]",5.0,"[73.24, 14.28, 93.58, 146.58, 91.97, 93.5, 85.06, 33.2, 46.7, 14.41, 31.04]",9,0
Sri Lanka,field,India,Sri Lanka,India,Bulawayo,"[1, 1, 1, 4, 2, 4, 7, 10, 10, 10, 10]",2.0,"[73.21, 76.64, 51.7, 76.08, 88.68, 80.02, 106.28, 30.22, 46.9, 35.75, 38.5]",7,0
India,field,India,Sri Lanka,Sri Lanka,Mirpur,"[5, 7, 2, 5, 5, 1, 9, 10, 10, 10, 10]",5.0,"[75.92, 86.23, 69.29, 82.9, 72.04, 70.4, 32.8, 33.92, 33.72, 30.2, 21.86]",4,0
Sri Lanka,field,India,Sri Lanka,India,Mirpur,"[3, 3, 4, 5, 7, 2, 7, 7, 10, 10, 10]",2.0,"[104.33, 85.25, 93.58, 87.67, 87.56, 93.5, 85.06, 33.35, 29.43, 31.72, 33.44]",8,0
Sri Lanka,bat,Bangladesh,Sri Lanka,Sri Lanka,Mirpur,"[1, 1, 1, 4, 2, 4, 7, 10, 10, 10, 10]",5.0,"[75.92, 86.23, 78.86, 78.96, 69.29, 61.9, 32.8, 33.72, 27.86, 28.86, 32.42]",9,0
Sri Lanka,field,India,Sri Lanka,Sri Lanka,Mirpur,"[3, 3, 4, 5, 7, 2, 7, 7, 10, 10, 10]",2.0,"[78.52, 71.1, 70.1, 61.32, 82.84, 79.74, 76.92, 66.19, 29.29, 34.31, 33.62]",5,0
Sri Lanka,field,Bangladesh,Sri Lanka,Sri Lanka,Mirpur,"[5, 7, 7, 2, 5, 1, 7, 9, 10, 10, 10]",4.0,"[85.25, 104.33, 93.58, 87.67, 87.56, 93.5, 85.06, 33.35, 29.43, 31.72, 33.44]",7,0
Sri Lanka,field,India,Sri Lanka,no result,Delhi,"[5, 7, 7, 2, 5, 9, 1, 5, 10, 10, 10]",3.0,"[78.52, 71.1, 70.1, 61.32, 82.84, 79.74, 76.92, 66.19, 29.29, 34.31, 36.12]",0,0
Sri Lanka,field,India,Sri Lanka,India,Eden Gardens,"[5, 7, 2, 5, 1, 4, 10, 10, 10, 10, 10]",5.0,"[75.92, 86.23, 91.2, 78.86, 69.29, 61.9, 38.2, 32.8, 33.72, 32.42, 28.86]",7,0
Sri Lanka,bat,India,Sri Lanka,India,Cuttack,"[1, 1, 1, 1, 2, 4, 7, 10, 10, 10, 10]",1.0,"[75.92, 86.23, 91.2, 78.86, 78.96, 32.8, 61.9, 69.29, 33.72, 32.42, 28.87]",7,0
Sri Lanka,bat,India,Sri Lanka,Sri Lanka,Nagpur,"[1, 1, 2, 4, 1, 10, 1, 7, 10, 10, 10]",4.0,"[75.92, 86.23, 78.86, 78.96, 61.9, 72.04, 33.92, 33.72, 28.87, 21.86, 28.86]",3,0
India,bat,India,Sri Lanka,India,Rajkot,"[2, 7, 3, 4, 7, 4, 7, 7, 10, 10, 10]",1.0,"[104.33, 86.23, 85.25, 93.58, 87.56, 93.5, 85.06, 33.35, 36.02, 29.43, 31.72]",0,3
Sri Lanka,field,New Zealand,Sri Lanka,New Zealand,Johannesburg,"[7, 7, 2, 5, 5, 1, 7, 10, 10, 10, 10]",5.0,"[104.33, 86.23, 87.56, 93.5, 85.25, 33.35, 93.58, 85.06, 36.02, 29.43, 31.72]",0,38
Sri Lanka,field,England,Sri Lanka,England,Johannesburg,"[7, 7, 2, 5, 5, 7, 1, 10, 10, 10, 10]",1.0,"[96.37, 95.31, 87.29, 83.32, 81.78, 81.22, 82.98, 76.92, 27.02, 32.12, 20.88]",6,0
England,field,South Africa,Sri Lanka,Sri Lanka,Centurion,"[1, 1, 2, 4, 7, 4, 1, 10, 10, 10, 10]",5.0,"[86.23, 91.2, 78.86, 78.96, 69.29, 61.9, 82.9, 33.92, 23.08, 28.87, 21.86]",0,55
South Africa,field,Sri Lanka,India,India,Colombo (RPS),"[7, 7, 5, 2, 7, 1, 4, 10, 10, 10, 10]",3.0,"[86.23, 91.2, 78.86, 78.96, 69.29, 82.9, 61.9, 33.92, 23.08, 28.87, 21.86]",0,46
India,bat,Sri Lanka,India,Sri Lanka,Colombo (RPS),"[7, 7, 5, 2, 5, 1, 7, 10, 10, 10, 10]",4.0,"[71.23, 86.23, 87.56, 87.67, 146.58, 93.5, 93.58, 33.35, 33.95, 31.72, 30.98]",0,139
Sri Lanka,bat,Sri Lanka,New Zealand,Sri Lanka,Colombo (RPS),"[2, 3, 4, 5, 4, 4, 7, 10, 10, 10, 10]",3.0,"[86.23, 91.2, 78.96, 78.86, 82.9, 61.9, 72.04, 33.92, 27.86, 28.87, 21.86]",0,97
Sri Lanka,bat,Sri Lanka,Pakistan,Pakistan,Colombo (RPS),"[2, 3, 4, 5, 4, 4, 7, 10, 10, 10, 10]",4.0,"[86.23, 91.2, 78.96, 78.86, 69.29, 61.9, 82.9, 33.92, 27.86, 28.87, 21.86]",0,132
Pakistan,bat,Sri Lanka,Pakistan,Pakistan,Colombo (RPS),"[2, 3, 4, 7, 4, 1, 7, 7, 10, 10, 10]",1.0,"[83.94, 81.01, 75.29, 75.1, 73.75, 86.04, 117.0, 29.28, 31.55, 29.62, 22.72]",0,146
Pakistan,bat,Sri Lanka,Pakistan,Sri Lanka,Dambulla,"[3, 2, 4, 7, 4, 1, 7, 7, 10, 10, 10]",4.0,"[83.94, 81.01, 75.29, 75.1, 73.75, 86.04, 117.0, 29.28, 29.62, 31.55, 22.72]",6,0
Sri Lanka,field,Sri Lanka,Pakistan,Sri Lanka,Dambulla,"[5, 7, 2, 5, 4, 5, 7, 10, 10, 10, 10]",3.0,"[83.94, 75.38, 75.29, 81.9, 86.04, 74.47, 117.0, 81.25, 29.28, 29.62, 22.72]",6,0
Sri Lanka,field,Sri Lanka,Pakistan,Sri Lanka,Dambulla,"[7, 7, 2, 1, 5, 4, 7, 10, 10, 10, 10]",5.0,"[75.38, 83.94, 75.29, 81.9, 86.04, 74.47, 117.0, 81.25, 29.34, 29.62, 22.72]",0,36
Pakistan,field,Sri Lanka,India,Sri Lanka,Colombo (RPS),"[1, 1, 2, 4, 7, 4, 1, 7, 10, 10, 10]",1.0,"[75.92, 91.2, 78.86, 78.96, 72.04, 69.29, 82.9, 33.92, 23.08, 27.86, 28.87]",0,68
Sri Lanka,bat,Sri Lanka,India,India,Colombo (RPS),"[1, 1, 1, 4, 2, 4, 7, 10, 10, 10, 10]",5.0,"[86.23, 91.2, 78.86, 61.9, 78.96, 72.04, 86.01, 27.86, 33.92, 23.08, 21.86]",0,67
India,bat,Sri Lanka,India,India,Colombo (RPS),"[1, 1, 1, 4, 4, 2, 7, 10, 10, 10, 10]",1.0,"[104.33, 85.25, 87.56, 87.67, 146.58, 93.5, 91.97, 79.54, 36.02, 31.04, 30.98]",0,147
India,bat,Sri Lanka,India,India,Colombo (RPS),"[7, 7, 2, 1, 7, 5, 4, 10, 10, 10, 10]",4.0,"[104.33, 86.23, 85.25, 87.67, 87.56, 93.5, 146.58, 36.02, 29.43, 31.04, 30.98]",0,15
India,bat,Sri Lanka,India,India,Dambulla,"[7, 7, 2, 1, 5, 4, 7, 10, 10, 10, 10]",1.0,"[104.33, 86.23, 85.25, 87.67, 93.5, 87.56, 146.58, 29.43, 36.02, 31.04, 30.98]",6,0
India,field,Pakistan,Sri Lanka,Sri Lanka,Lahore,"[7, 7, 2, 1, 5, 4, 7, 10, 10, 10, 10]",5.0,"[86.23, 91.2, 78.86, 61.9, 86.01, 78.96, 72.04, 27.86, 33.92, 23.08, 21.86]",0,234
Sri Lanka,bat,Pakistan,Sri Lanka,Sri Lanka,Karachi,"[7, 7, 2, 5, 4, 7, 7, 10, 10, 10, 10]",2.0,"[86.23, 91.2, 78.86, 61.9, 78.96, 72.04, 86.01, 27.86, 33.92, 23.08, 21.86]",0,129
Pakistan,field,Pakistan,Sri Lanka,Pakistan,Karachi,"[3, 1, 2, 4, 7, 5, 7, 7, 10, 10, 10]",5.0,"[86.23, 91.2, 78.86, 61.9, 78.96, 72.04, 86.01, 27.86, 23.08, 33.92, 21.86]",8,0
Sri Lanka,bat,Bangladesh,Sri Lanka,Sri Lanka,Mirpur,"[5, 7, 2, 5, 4, 7, 7, 10, 10, 10, 10]",2.0,"[86.23, 91.2, 78.86, 78.96, 72.04, 63.13, 86.01, 27.86, 33.92, 23.08, 21.86]",2,0
Sri Lanka,field,Bangladesh,Sri Lanka,Bangladesh,Mirpur,"[5, 7, 2, 5, 4, 7, 7, 10, 10, 10, 10]",4.0,"[78.52, 68.22, 79.74, 70.1, 82.84, 61.32, 76.92, 66.19, 32.93, 31.5, 34.31]",5,0
Bangladesh,field,Sri Lanka,Zimbabwe,Sri Lanka,Mirpur,"[5, 5, 2, 4, 1, 7, 7, 10, 10, 10, 10]",2.0,"[75.92, 91.2, 78.86, 78.96, 72.04, 63.13, 82.9, 27.86, 33.92, 23.08, 21.86]",0,130
Zimbabwe,field,Zimbabwe,Sri Lanka,Sri Lanka,Harare,"[1, 3, 1, 2, 4, 7, 7, 10, 10, 10, 10]",5.0,"[75.92, 91.2, 78.86, 78.96, 72.04, 63.13, 82.9, 27.86, 21.86, 33.92, 23.08]",0,19
Zimbabwe,field,Zimbabwe,Sri Lanka,Sri Lanka,Harare,"[5, 5, 2, 5, 4, 7, 7, 10, 10, 10, 10]",3.0,"[75.92, 78.96, 78.86, 72.04, 61.9, 63.13, 82.9, 33.92, 23.08, 21.86, 30.2]",2,0
Sri Lanka,field,Zimbabwe,Sri Lanka,Sri Lanka,Harare,"[1, 3, 1, 2, 4, 7, 4, 10, 10, 10, 10]",5.0,"[73.21, 63.48, 63.22, 67.58, 72.39, 80.02, 60.39, 46.9, 35.75, 29.64, 100.4]",0,5
Zimbabwe,field,Zimbabwe,Sri Lanka,Sri Lanka,Harare,"[1, 3, 1, 2, 4, 7, 1, 10, 10, 10, 10]",1.0,"[67.1, 75.92, 78.86, 78.96, 72.04, 63.13, 86.01, 27.86, 21.86, 23.08, 33.92]",9,0
Zimbabwe,bat,Zimbabwe,Sri Lanka,Sri Lanka,Harare,"[7, 3, 5, 2, 5, 4, 7, 10, 10, 10, 10]",5.0,"[73.21, 63.48, 63.22, 67.58, 72.39, 80.02, 86.69, 46.9, 35.75, 29.64, 38.5]",6,0
Sri Lanka,field,Sri Lanka,India,Sri Lanka,Colombo (RPS),"[1, 1, 4, 4, 2, 1, 4, 10, 10, 10, 10]",3.0,"[73.21, 63.48, 63.22, 67.58, 72.39, 80.02, 59.39, 46.9, 35.75, 29.64, 38.5]",0,112
Sri Lanka,bat,Sri Lanka,India,India,Colombo (RPS),"[1, 1, 4, 4, 4, 2, 1, 10, 10, 10, 10]",5.0,"[91.2, 46.05, 67.1, 78.86, 78.96, 72.04, 63.13, 27.86, 33.92, 21.86, 30.2]",0,46
India,bat,Sri Lanka,India,India,Colombo (RPS),"[7, 2, 5, 4, 5, 7, 10, 10, 10, 10, 10]",2.0,"[93.58, 85.25, 87.67, 93.5, 87.56, 91.97, 45.93, 33.35, 36.02, 29.43, 30.26]",0,33
India,bat,Sri Lanka,India,India,Dambulla,"[1, 1, 4, 4, 1, 2, 7, 10, 10, 10, 10]",4.0,"[93.58, 85.25, 87.67, 93.5, 45.93, 87.56, 91.97, 33.35, 36.02, 29.43, 30.26]",3,0
India,field,Sri Lanka,India,Sri Lanka,Dambulla,"[7, 2, 5, 4, 5, 7, 10, 10, 10, 10, 10]",1.0,"[91.2, 78.86, 78.96, 72.04, 70.4, 86.23, 33.92, 27.86, 21.86, 30.2, 23.08]",8,0
India,bat,India,Sri Lanka,Sri Lanka,Karachi,"[7, 2, 5, 3, 4, 5, 7, 10, 10, 10, 10]",5.0,"[85.25, 93.58, 93.5, 87.67, 91.97, 87.56, 79.54, 33.35, 29.43, 31.04, 30.26]",0,100
India,field,India,Sri Lanka,India,Karachi,"[7, 2, 5, 4, 5, 7, 10, 10, 10, 10, 10]",3.0,"[91.2, 78.86, 78.96, 72.04, 70.4, 86.23, 27.53, 33.92, 27.86, 21.86, 23.08]",6,0
Sri Lanka,bat,Bangladesh,Sri Lanka,Sri Lanka,Karachi,"[7, 2, 5, 4, 5, 10, 7, 10, 10, 10, 10]",5.0,"[91.2, 78.86, 78.96, 72.04, 70.4, 86.23, 108.88, 27.86, 33.92, 23.08, 30.2]",0,158
